Date,Open,High,Low,Close,Volume,MA_7_Day,MA_20_Day,MA_50_Day,Daily_Return_Pct,Volatility_7Day,Price_Range,Volume_7Day_Avg,Stock
2022-03-15,1104.75,1104.75,1065.11,1075.4,15925769,1066.21,1075.34,1091.13,-0.02,0.03,39.63,16313039.29,RELIANCE.NS
2022-03-16,1083.84,1095.62,1081.61,1093.55,11149828,1076.86,1075.0,1091.12,0.02,0.02,14.01,15336827.57,RELIANCE.NS
2022-03-17,1106.93,1136.35,1098.9,1129.2,21422098,1092.86,1076.57,1091.34,0.03,0.02,37.45,15355788.14,RELIANCE.NS
2022-03-21,1112.05,1130.25,1109.77,1122.7,11999466,1100.23,1077.11,1091.32,-0.01,0.02,20.48,14153679.29,RELIANCE.NS
2022-03-22,1119.38,1153.43,1116.42,1151.7,22557065,1109.26,1079.54,1092.36,0.03,0.02,37.02,14807475.29,RELIANCE.NS
2022-03-23,1148.0,1167.04,1148.0,1155.37,15462187,1118.36,1082.71,1093.3,0.0,0.02,19.04,15265298.71,RELIANCE.NS
2022-03-24,1142.08,1175.82,1142.08,1173.32,13168266,1128.75,1087.02,1094.58,0.02,0.02,33.74,15954954.14,RELIANCE.NS
2022-03-25,1175.07,1190.31,1172.57,1181.14,14222488,1143.85,1092.07,1095.86,0.01,0.01,17.75,15711628.29,RELIANCE.NS
2022-03-28,1187.58,1196.57,1176.89,1193.02,9891424,1158.06,1100.4,1096.77,0.01,0.01,19.68,15531856.29,RELIANCE.NS
2022-03-29,1200.32,1200.32,1186.4,1193.29,8684065,1167.22,1108.1,1097.57,0.0,0.01,13.92,13712137.29,RELIANCE.NS
2022-03-30,1201.19,1223.07,1190.81,1216.22,15811550,1180.58,1115.23,1098.79,0.02,0.01,32.26,14256720.71,RELIANCE.NS
2022-03-31,1212.58,1214.75,1196.04,1198.84,13223718,1187.31,1120.61,1099.54,-0.01,0.01,18.7,12923385.43,RELIANCE.NS
2022-04-01,1199.41,1212.68,1193.04,1208.44,7922880,1194.9,1126.92,1100.76,0.01,0.01,19.63,11846341.57,RELIANCE.NS
2022-04-04,1208.26,1217.16,1201.98,1212.02,7929162,1200.43,1134.62,1102.05,0.0,0.01,15.17,11097898.14,RELIANCE.NS
2022-04-05,1206.28,1214.84,1192.45,1194.88,13149870,1202.39,1143.41,1103.4,-0.01,0.01,22.39,10944667.0,RELIANCE.NS
2022-04-06,1177.16,1198.73,1177.16,1191.7,12257215,1202.2,1152.13,1104.69,-0.0,0.01,21.57,11282637.14,RELIANCE.NS
2022-04-07,1180.8,1185.76,1168.02,1170.68,15496499,1198.97,1157.11,1106.46,-0.02,0.01,17.75,12255842.0,RELIANCE.NS
2022-04-08,1164.83,1194.41,1164.83,1190.15,15152495,1195.25,1162.19,1108.67,0.02,0.01,29.58,12161691.29,RELIANCE.NS
2022-04-11,1183.03,1200.57,1175.3,1187.67,9254209,1193.65,1167.0,1111.14,-0.0,0.01,25.28,11594618.57,RELIANCE.NS
2022-04-12,1177.12,1184.21,1162.74,1165.31,13217742,1187.49,1170.23,1113.19,-0.02,0.01,21.48,12351027.43,RELIANCE.NS
2022-04-13,1171.43,1179.66,1158.23,1161.03,10354235,1180.2,1174.51,1114.7,-0.0,0.01,21.43,12697466.43,RELIANCE.NS
2022-04-18,1152.55,1164.74,1147.45,1157.48,9974224,1174.86,1177.71,1116.2,-0.0,0.01,17.29,12243802.71,RELIANCE.NS
2022-04-19,1163.92,1213.97,1160.76,1201.6,26141820,1176.27,1181.33,1118.54,0.04,0.02,53.21,14227317.71,RELIANCE.NS
2022-04-20,1209.01,1244.0,1205.37,1236.93,25072240,1185.74,1187.04,1121.87,0.03,0.02,38.63,15595280.71,RELIANCE.NS
2022-04-21,1251.69,1269.03,1243.09,1265.89,21708633,1196.56,1192.75,1125.97,0.02,0.02,25.94,16531871.86,RELIANCE.NS
2022-04-22,1255.33,1274.94,1248.64,1255.29,15054154,1206.22,1197.75,1129.99,-0.01,0.02,26.3,17360435.43,RELIANCE.NS
2022-04-25,1247.83,1255.11,1211.99,1226.26,17063215,1214.92,1200.39,1133.07,-0.02,0.02,43.11,17909788.71,RELIANCE.NS
2022-04-26,1233.08,1271.76,1232.04,1262.95,12227666,1229.48,1204.48,1136.64,0.03,0.02,39.72,18177421.71,RELIANCE.NS
2022-04-27,1253.94,1286.77,1253.58,1264.18,19338945,1244.73,1208.04,1140.26,0.0,0.02,33.19,19515239.0,RELIANCE.NS
2022-04-28,1278.56,1297.24,1267.71,1283.07,25614076,1256.37,1212.53,1144.29,0.01,0.02,29.53,19439847.0,RELIANCE.NS
2022-04-29,1299.58,1299.58,1263.7,1269.6,18214862,1261.03,1215.2,1148.4,-0.01,0.02,35.88,18460221.57,RELIANCE.NS
2022-05-02,1256.74,1276.54,1254.95,1265.14,9467006,1260.93,1218.51,1151.7,-0.0,0.02,21.59,16711417.71,RELIANCE.NS
2022-05-04,1267.21,1269.48,1217.75,1225.64,19247660,1256.69,1219.37,1154.26,-0.03,0.02,51.73,17310490.0,RELIANCE.NS
2022-05-05,1239.23,1242.18,1197.59,1201.64,17210669,1253.17,1218.85,1156.05,-0.02,0.02,44.59,17331554.86,RELIANCE.NS
2022-05-06,1188.58,1209.88,1180.1,1192.43,19649948,1243.1,1218.73,1157.84,-0.01,0.01,29.78,18391880.86,RELIANCE.NS
2022-05-09,1171.63,1181.71,1140.72,1145.86,18083752,1226.2,1216.44,1158.92,-0.04,0.02,41.0,18212567.57,RELIANCE.NS
2022-05-10,1135.26,1149.63,1118.42,1126.0,19511677,1203.76,1214.21,1159.7,-0.02,0.01,31.21,17340796.29,RELIANCE.NS
2022-05-11,1125.09,1130.68,1102.02,1114.46,16643899,1181.59,1210.42,1160.38,-0.01,0.01,28.67,17116373.0,RELIANCE.NS
2022-05-12,1104.54,1107.89,1078.38,1091.76,20490321,1156.83,1205.62,1161.69,-0.02,0.01,29.51,18691132.29,RELIANCE.NS
2022-05-13,1103.86,1127.52,1099.01,1104.13,19308778,1139.47,1202.57,1162.99,0.01,0.02,28.51,18699863.43,RELIANCE.NS
2022-05-16,1107.7,1128.88,1099.6,1104.41,13437911,1125.58,1199.73,1163.6,0.0,0.02,29.28,18160898.0,RELIANCE.NS
2022-05-17,1108.0,1155.69,1106.59,1150.79,16551828,1119.63,1199.4,1164.79,0.04,0.03,49.1,17718309.43,RELIANCE.NS
2022-05-18,1155.57,1169.38,1141.28,1154.98,17276788,1120.93,1197.07,1166.25,0.0,0.02,28.1,17603028.86,RELIANCE.NS
2022-05-19,1130.25,1143.22,1122.08,1128.36,14699118,1121.27,1191.64,1167.65,-0.02,0.02,21.14,16915520.43,RELIANCE.NS
2022-05-20,1143.22,1203.23,1138.44,1194.16,21793091,1132.65,1188.05,1171.15,0.06,0.03,64.79,17651119.29,RELIANCE.NS
2022-05-23,1197.36,1207.4,1179.85,1186.17,15252755,1146.14,1184.6,1174.53,-0.01,0.03,27.55,16902895.57,RELIANCE.NS
2022-05-24,1186.22,1200.32,1181.98,1190.24,13527818,1158.44,1182.8,1176.92,0.0,0.03,18.34,16077044.14,RELIANCE.NS
2022-05-25,1198.96,1208.83,1183.71,1188.49,12714544,1170.46,1179.07,1178.92,-0.0,0.03,25.12,15973706.0,RELIANCE.NS
2022-05-26,1194.13,1198.91,1159.37,1177.16,17882023,1174.22,1174.72,1180.63,-0.01,0.03,39.54,16163733.86,RELIANCE.NS
2022-05-27,1179.87,1185.37,1155.78,1171.7,16521973,1176.61,1169.16,1182.05,-0.0,0.03,29.6,16055903.14,RELIANCE.NS
2022-05-30,1189.86,1216.7,1180.39,1212.52,13853398,1188.63,1166.3,1184.79,0.03,0.03,36.31,15935086.0,RELIANCE.NS
2022-05-31,1201.87,1218.89,1190.18,1197.89,70620653,1189.17,1162.94,1186.88,-0.01,0.02,28.71,22910452.0,RELIANCE.NS
2022-06-01,1198.64,1208.15,1190.4,1198.27,9776989,1190.9,1161.57,1188.26,0.0,0.02,17.75,22128199.71,RELIANCE.NS
2022-06-02,1198.5,1243.3,1198.5,1239.59,22126569,1197.95,1163.47,1190.6,0.03,0.02,44.8,23356592.71,RELIANCE.NS
2022-06-03,1248.55,1281.93,1247.64,1264.71,23939791,1208.83,1167.08,1192.86,0.02,0.02,34.29,24960199.43,RELIANCE.NS
2022-06-06,1264.93,1280.4,1252.1,1259.27,11093152,1220.56,1172.75,1194.93,-0.0,0.02,28.3,23990360.71,RELIANCE.NS
2022-06-07,1260.34,1269.98,1252.22,1261.63,12358255,1233.41,1179.53,1196.7,0.0,0.02,17.77,23395543.86,RELIANCE.NS
2022-06-08,1261.63,1265.39,1235.95,1239.48,12479250,1237.26,1185.79,1197.87,-0.02,0.02,29.44,23199237.0,RELIANCE.NS
2022-06-09,1233.08,1275.4,1233.08,1273.46,17278305,1248.06,1194.87,1199.48,0.03,0.02,42.32,15578901.57,RELIANCE.NS
2022-06-10,1261.25,1269.44,1229.21,1235.02,18093057,1253.31,1201.41,1200.31,-0.03,0.02,40.22,16766911.29,RELIANCE.NS
2022-06-13,1205.78,1216.16,1190.45,1211.65,17620803,1249.32,1206.78,1200.22,-0.02,0.02,25.71,16123230.43,RELIANCE.NS
2022-06-14,1205.8,1215.72,1189.15,1195.82,14714312,1239.48,1209.03,1200.16,-0.01,0.02,26.57,14805304.86,RELIANCE.NS
2022-06-15,1191.02,1200.0,1175.93,1181.35,11195535,1228.34,1210.35,1199.62,-0.01,0.02,24.07,14819931.0,RELIANCE.NS
2022-06-16,1193.5,1209.9,1162.1,1164.83,17111475,1214.51,1212.17,1198.67,-0.01,0.02,47.8,15498962.43,RELIANCE.NS
2022-06-17,1164.83,1194.34,1163.06,1178.48,24457187,1205.8,1211.39,1198.35,0.01,0.02,31.28,17210096.29,RELIANCE.NS
2022-06-20,1185.31,1190.81,1147.13,1157.12,12066797,1189.18,1209.93,1197.65,-0.02,0.01,43.68,16465595.14,RELIANCE.NS
2022-06-21,1164.83,1180.03,1150.41,1175.8,11720049,1180.72,1209.21,1197.76,0.02,0.01,29.62,15555165.43,RELIANCE.NS
2022-06-22,1163.97,1164.06,1137.99,1140.08,10617206,1170.5,1206.79,1196.75,-0.03,0.02,26.07,14554651.57,RELIANCE.NS
2022-06-23,1144.38,1148.91,1112.5,1121.58,19446323,1159.89,1204.01,1195.43,-0.02,0.02,36.4,15230653.14,RELIANCE.NS
2022-06-24,1128.43,1142.54,1122.97,1137.55,14240234,1153.63,1202.3,1194.88,0.01,0.02,19.57,15665610.14,RELIANCE.NS
2022-06-27,1157.98,1157.98,1129.14,1134.19,15474529,1149.26,1198.39,1194.34,-0.0,0.02,28.85,15431760.71,RELIANCE.NS
2022-06-28,1129.39,1152.98,1129.39,1150.13,13572847,1145.21,1196.0,1194.19,0.01,0.02,23.59,13876855.0,RELIANCE.NS
2022-06-29,1140.81,1181.67,1137.99,1174.0,19205146,1147.62,1194.79,1193.64,0.02,0.02,43.68,14896619.14,RELIANCE.NS
2022-06-30,1173.93,1190.27,1167.56,1181.05,23112959,1148.37,1191.86,1192.52,0.01,0.02,22.71,16524177.71,RELIANCE.NS
2022-07-01,1171.61,1179.39,1076.1,1095.99,81997149,1142.07,1183.42,1189.13,-0.07,0.03,103.29,26721312.43,RELIANCE.NS
2022-07-04,1082.45,1111.14,1076.6,1098.26,41857728,1138.74,1175.37,1185.99,0.0,0.03,34.54,29922941.71,RELIANCE.NS
2022-07-05,1102.49,1121.56,1099.81,1107.16,17647327,1134.4,1167.65,1183.6,0.01,0.03,21.75,30409669.29,RELIANCE.NS
2022-07-06,1101.17,1111.12,1086.57,1097.42,23943726,1129.14,1160.55,1180.29,-0.01,0.03,24.55,31619554.57,RELIANCE.NS
2022-07-07,1103.81,1107.16,1080.65,1086.61,23301033,1120.07,1151.2,1176.74,-0.01,0.03,26.5,33009295.43,RELIANCE.NS
2022-07-08,1100.22,1100.22,1084.09,1088.12,19010108,1107.8,1143.86,1172.84,0.0,0.03,16.13,32981432.86,RELIANCE.NS
2022-07-11,1081.34,1105.13,1078.38,1102.9,13847467,1096.64,1138.42,1169.51,0.01,0.03,26.75,31657791.14,RELIANCE.NS
2022-07-12,1093.85,1110.09,1093.85,1101.33,10778989,1097.4,1133.7,1166.23,-0.0,0.01,16.24,21483768.29,RELIANCE.NS
2022-07-13,1104.45,1107.5,1079.74,1081.81,14224132,1095.05,1128.72,1163.36,-0.02,0.01,27.76,17536111.71,RELIANCE.NS
2022-07-14,1086.57,1107.48,1081.54,1090.73,16970315,1092.7,1125.02,1161.14,0.01,0.01,25.94,17439395.71,RELIANCE.NS
2022-07-15,1098.85,1098.85,1084.34,1092.85,9603210,1092.05,1120.73,1159.15,0.0,0.01,14.51,15390750.57,RELIANCE.NS
2022-07-18,1101.58,1103.4,1088.53,1102.15,15160908,1094.27,1117.99,1158.27,0.01,0.01,14.88,14227875.57,RELIANCE.NS
2022-07-19,1092.17,1113.41,1092.17,1108.91,16439888,1097.24,1114.64,1157.93,0.01,0.01,21.25,13860701.29,RELIANCE.NS
2022-07-20,1155.73,1156.87,1131.27,1138.9,23924246,1102.38,1114.58,1158.42,0.03,0.01,25.59,15300241.14,RELIANCE.NS
2022-07-21,1134.8,1137.53,1122.65,1131.3,16523230,1106.66,1115.07,1159.21,-0.01,0.01,14.88,16120847.0,RELIANCE.NS
2022-07-22,1137.53,1144.95,1135.26,1138.94,10969995,1114.82,1115.14,1159.91,0.01,0.01,9.69,15655970.29,RELIANCE.NS
2022-07-25,1122.72,1122.72,1093.39,1101.31,23110452,1116.34,1113.49,1159.84,-0.03,0.02,29.33,16533132.71,RELIANCE.NS
2022-07-26,1101.63,1112.0,1097.19,1101.81,11303288,1117.62,1111.08,1158.86,0.0,0.02,14.81,16776001.0,RELIANCE.NS
2022-07-27,1101.11,1104.31,1092.94,1100.77,8655086,1117.42,1107.42,1157.78,-0.0,0.02,11.38,15846597.86,RELIANCE.NS
2022-07-28,1108.41,1122.95,1101.58,1118.01,12496073,1118.72,1104.26,1157.57,0.02,0.02,21.36,15283195.71,RELIANCE.NS
2022-07-29,1126.02,1145.31,1121.15,1141.83,15130683,1119.14,1106.56,1156.53,0.02,0.02,24.16,14026972.43,RELIANCE.NS
2022-08-01,1146.24,1177.46,1140.99,1171.59,15700044,1124.89,1110.22,1156.24,0.03,0.02,36.47,13909374.43,RELIANCE.NS
2022-08-02,1170.52,1186.58,1165.54,1176.05,13917913,1130.19,1113.67,1155.95,0.0,0.02,21.04,14330505.57,RELIANCE.NS
2022-08-03,1183.03,1187.58,1168.22,1185.92,14250977,1142.28,1118.09,1155.9,0.01,0.01,19.36,13064866.29,RELIANCE.NS
2022-08-04,1187.58,1191.11,1153.46,1170.25,14467127,1152.06,1122.27,1155.76,-0.01,0.01,37.65,13516843.29,RELIANCE.NS
2022-08-05,1172.11,1173.38,1149.79,1153.0,13942438,1159.52,1125.52,1155.39,-0.01,0.02,23.59,14272179.29,RELIANCE.NS
2022-08-08,1151.64,1175.55,1151.64,1168.08,10165178,1166.67,1128.78,1154.5,0.01,0.02,23.91,13939194.29,RELIANCE.NS
2022-08-10,1172.52,1178.44,1163.49,1175.07,10724688,1171.42,1132.46,1154.04,0.01,0.01,14.95,13309766.43,RELIANCE.NS
2022-08-11,1184.44,1187.54,1174.02,1178.98,8198226,1172.48,1137.32,1153.66,0.0,0.01,13.51,12238078.14,RELIANCE.NS
2022-08-12,1178.62,1201.85,1174.93,1198.05,12650587,1175.62,1142.69,1152.83,0.02,0.01,26.91,12057031.57,RELIANCE.NS
2022-08-16,1204.05,1209.1,1195.45,1206.37,6607378,1178.54,1148.36,1151.66,0.01,0.01,13.65,10965088.86,RELIANCE.NS
2022-08-17,1212.61,1218.02,1208.31,1212.68,6595965,1184.6,1153.89,1150.73,0.01,0.01,9.71,9840637.14,RELIANCE.NS
2022-08-18,1214.28,1218.39,1205.24,1214.87,7410035,1193.44,1159.19,1149.79,0.0,0.01,13.15,8907436.71,RELIANCE.NS
2022-08-19,1209.72,1215.06,1189.15,1193.21,9460724,1197.03,1161.9,1148.87,-0.02,0.01,25.91,8806800.43,RELIANCE.NS
2022-08-22,1194.65,1201.18,1180.5,1189.9,9471680,1199.15,1164.83,1147.2,-0.0,0.01,20.68,8627799.29,RELIANCE.NS
2022-08-23,1184.15,1211.18,1182.94,1208.26,9678484,1203.33,1168.3,1146.66,0.02,0.01,28.23,8839264.71,RELIANCE.NS
2022-08-24,1205.2,1218.85,1203.03,1205.04,10369622,1204.33,1173.49,1146.53,-0.0,0.01,15.82,8513412.57,RELIANCE.NS
2022-08-25,1209.24,1215.6,1197.21,1201.52,7871946,1203.64,1178.47,1146.64,-0.0,0.01,18.4,8694065.14,RELIANCE.NS
2022-08-26,1201.96,1209.72,1190.09,1195.11,10742038,1201.13,1183.19,1146.92,-0.01,0.01,19.63,9286361.29,RELIANCE.NS
2022-08-29,1180.04,1212.0,1176.87,1185.82,19838975,1196.98,1186.58,1147.34,-0.01,0.01,35.13,11061924.14,RELIANCE.NS
2022-08-30,1193.28,1207.55,1176.21,1204.22,23139054,1198.55,1189.7,1147.85,0.02,0.01,31.34,13015971.29,RELIANCE.NS
2022-09-01,1178.97,1189.15,1164.39,1168.81,19909939,1195.54,1189.56,1148.09,-0.03,0.02,24.76,14507151.14,RELIANCE.NS
2022-09-02,1168.81,1175.64,1152.97,1155.16,12999345,1187.95,1188.52,1147.67,-0.01,0.01,22.67,14981559.86,RELIANCE.NS
2022-09-05,1155.39,1178.45,1155.39,1173.11,11327815,1183.39,1187.88,1148.33,0.02,0.02,23.05,15118444.57,RELIANCE.NS
2022-09-06,1174.57,1189.63,1174.11,1185.45,10899618,1181.1,1188.64,1149.61,0.01,0.02,15.52,15550969.14,RELIANCE.NS
2022-09-07,1175.48,1184.56,1173.2,1178.56,7488501,1178.73,1189.91,1150.43,-0.01,0.02,11.37,15086178.14,RELIANCE.NS
2022-09-08,1181.53,1185.98,1173.65,1180.23,7057077,1177.93,1190.52,1151.35,0.0,0.02,12.33,13260192.71,RELIANCE.NS
2022-09-09,1191.46,1191.46,1170.46,1172.88,8314850,1173.46,1190.41,1151.81,-0.01,0.01,21.0,11142449.29,RELIANCE.NS
2022-09-12,1173.45,1192.37,1173.45,1186.0,7435419,1175.91,1190.76,1152.05,0.01,0.01,18.92,9360375.0,RELIANCE.NS
2022-09-13,1195.11,1200.45,1187.35,1195.91,8888657,1181.73,1190.66,1152.34,0.01,0.01,13.1,8773133.86,RELIANCE.NS
2022-09-14,1175.48,1191.46,1174.45,1181.57,8678219,1182.94,1189.42,1154.06,-0.01,0.01,17.0,8394620.14,RELIANCE.NS
2022-09-15,1179.13,1188.51,1167.15,1169.86,10365600,1180.72,1187.27,1155.49,-0.01,0.01,21.36,8318331.86,RELIANCE.NS
2022-09-16,1161.21,1165.44,1137.13,1140.88,20217708,1175.33,1183.57,1156.16,-0.02,0.01,28.3,10136790.0,RELIANCE.NS
2022-09-19,1140.88,1151.6,1132.73,1142.36,7580254,1169.92,1181.03,1157.06,0.0,0.01,18.88,10211529.57,RELIANCE.NS
2022-09-20,1151.49,1158.45,1138.82,1142.54,8411448,1165.59,1178.66,1158.18,0.0,0.01,19.63,10225329.29,RELIANCE.NS
2022-09-21,1139.76,1156.31,1138.96,1145.69,9207309,1159.83,1175.54,1159.33,0.0,0.01,17.35,10478456.43,RELIANCE.NS
2022-09-22,1134.85,1142.61,1128.51,1134.9,10308170,1151.11,1172.03,1159.97,-0.01,0.01,14.11,10681244.0,RELIANCE.NS
2022-09-23,1134.39,1139.39,1112.07,1113.62,9528051,1141.41,1167.63,1160.22,-0.02,0.01,27.32,10802648.57,RELIANCE.NS
2022-09-26,1092.88,1103.72,1084.25,1085.25,12479523,1129.32,1162.14,1160.29,-0.03,0.01,19.47,11104637.57,RELIANCE.NS
2022-09-27,1092.85,1107.46,1077.38,1093.88,16154822,1122.61,1157.54,1160.35,0.01,0.01,30.08,10524225.29,RELIANCE.NS
2022-09-28,1077.49,1085.55,1062.31,1064.76,16997059,1111.52,1150.57,1159.79,-0.03,0.01,23.24,11869483.14,RELIANCE.NS
2022-09-29,1077.33,1080.76,1055.88,1061.49,14671827,1099.94,1145.21,1158.97,-0.0,0.01,24.88,12763823.0,RELIANCE.NS
2022-09-30,1054.96,1096.5,1054.96,1085.43,18613024,1091.33,1141.72,1158.5,0.02,0.02,41.54,14107496.57,RELIANCE.NS
2022-10-03,1091.71,1103.33,1078.7,1081.67,11852723,1083.73,1137.15,1157.36,-0.0,0.02,24.63,14328147.0,RELIANCE.NS
2022-10-04,1094.59,1103.81,1091.1,1101.62,8948850,1082.01,1132.95,1156.77,0.02,0.02,12.71,14245404.0,RELIANCE.NS
2022-10-06,1108.83,1118.42,1103.88,1105.68,13352162,1084.93,1129.31,1156.1,0.0,0.02,14.54,14370066.71,RELIANCE.NS
2022-10-07,1102.28,1115.63,1102.28,1110.36,7714340,1087.29,1125.82,1156.28,0.0,0.02,13.35,13164283.57,RELIANCE.NS
2022-10-10,1097.87,1103.63,1090.11,1098.24,6329527,1092.07,1122.09,1156.21,-0.01,0.01,13.51,11640350.43,RELIANCE.NS
2022-10-11,1101.98,1101.98,1073.27,1076.37,9215177,1094.2,1116.6,1155.72,-0.02,0.02,28.71,10860829.0,RELIANCE.NS
2022-10-12,1073.68,1087.24,1069.62,1084.29,7417103,1094.03,1111.02,1155.05,0.01,0.01,17.62,9261411.71,RELIANCE.NS
2022-10-13,1082.54,1092.85,1077.38,1087.74,7328492,1094.9,1106.33,1153.97,0.0,0.01,15.48,8615093.0,RELIANCE.NS
2022-10-14,1102.44,1103.06,1081.49,1082.22,9106089,1092.13,1101.95,1152.18,-0.01,0.01,21.57,8637555.71,RELIANCE.NS
2022-10-17,1075.05,1101.98,1069.85,1099.59,16729355,1091.26,1099.89,1150.65,0.02,0.01,32.14,9120011.86,RELIANCE.NS
2022-10-18,1105.63,1124.35,1104.79,1118.99,12415820,1092.49,1098.72,1149.31,0.02,0.01,19.56,9791651.86,RELIANCE.NS
2022-10-19,1120.47,1153.96,1114.63,1138.46,19247142,1098.24,1098.51,1148.67,0.02,0.01,39.33,11637025.43,RELIANCE.NS
2022-10-20,1134.39,1149.92,1134.39,1141.52,8717053,1107.54,1098.3,1148.45,0.0,0.01,15.52,11565864.86,RELIANCE.NS
2022-10-21,1144.76,1148.91,1126.18,1128.28,8243452,1113.83,1097.97,1147.65,-0.01,0.01,22.73,11683914.71,RELIANCE.NS
2022-10-24,1122.98,1142.38,1120.84,1132.04,3370033,1120.15,1098.89,1146.79,0.0,0.01,21.55,11118420.57,RELIANCE.NS
2022-10-25,1140.79,1140.79,1112.94,1114.56,12233241,1124.78,1100.36,1145.5,-0.02,0.01,27.85,11565156.57,RELIANCE.NS
2022-10-27,1122.07,1126.84,1110.56,1118.94,12513059,1127.54,1101.61,1143.92,0.0,0.01,16.27,10962828.57,RELIANCE.NS
2022-10-28,1125.26,1157.22,1122.73,1153.18,17609592,1132.42,1106.03,1142.85,0.03,0.02,34.49,11704796.0,RELIANCE.NS
2022-10-31,1159.96,1169.07,1155.94,1163.88,12419943,1136.06,1111.15,1141.88,0.01,0.02,13.12,10729481.86,RELIANCE.NS
2022-11-01,1186.89,1186.89,1144.89,1154.87,13963166,1137.96,1114.62,1140.68,-0.01,0.02,42.0,11478926.57,RELIANCE.NS
2022-11-02,1155.99,1164.16,1148.09,1162.08,8981896,1142.79,1118.64,1140.06,0.01,0.01,16.07,11584418.57,RELIANCE.NS
2022-11-03,1154.87,1168.43,1152.68,1166.42,6693449,1147.7,1121.88,1139.59,0.0,0.01,15.75,12059192.29,RELIANCE.NS
2022-11-04,1165.85,1186.89,1164.57,1183.58,12575815,1157.56,1125.78,1139.09,0.01,0.01,22.32,12108131.43,RELIANCE.NS
2022-11-07,1182.78,1191.59,1175.02,1189.9,11789748,1167.7,1129.76,1138.79,0.01,0.01,16.57,12004801.29,RELIANCE.NS
2022-11-09,1191.59,1196.91,1182.35,1188.72,11254205,1172.78,1134.28,1138.53,-0.0,0.01,14.56,11096888.86,RELIANCE.NS
2022-11-10,1182.33,1185.32,1170.0,1174.34,5966242,1174.27,1139.18,1138.12,-0.01,0.01,15.32,10174931.57,RELIANCE.NS
2022-11-11,1186.89,1203.33,1181.41,1201.41,12310132,1180.92,1145.04,1138.43,0.02,0.01,21.91,9938783.86,RELIANCE.NS
2022-11-14,1200.93,1206.06,1189.24,1195.59,9043112,1185.71,1150.43,1138.26,-0.0,0.01,16.82,9947529.0,RELIANCE.NS
2022-11-15,1197.07,1198.94,1182.33,1190.22,7086433,1189.11,1155.83,1138.69,-0.0,0.01,16.62,10003669.57,RELIANCE.NS
2022-11-16,1191.46,1194.17,1178.38,1183.4,9716161,1189.08,1160.02,1139.25,-0.01,0.01,15.79,9595147.57,RELIANCE.NS
2022-11-17,1180.02,1192.83,1177.76,1186.46,6661451,1188.59,1163.39,1139.52,0.0,0.01,15.06,8862533.71,RELIANCE.NS
2022-11-18,1189.97,1191.0,1173.7,1185.82,5303197,1188.18,1165.76,1139.52,-0.0,0.01,17.3,8012389.71,RELIANCE.NS
2022-11-21,1181.41,1181.41,1160.92,1164.48,6390268,1186.77,1166.91,1139.24,-0.02,0.01,20.5,8072964.86,RELIANCE.NS
2022-11-22,1161.78,1172.51,1157.9,1170.94,6611488,1182.41,1169.04,1139.06,0.01,0.01,14.61,7258872.86,RELIANCE.NS
2022-11-23,1175.48,1176.8,1165.09,1167.28,6413408,1178.37,1170.8,1138.95,-0.0,0.01,11.71,6883200.86,RELIANCE.NS
2022-11-24,1171.37,1184.15,1163.24,1177.35,9389439,1176.53,1173.94,1138.77,0.01,0.01,20.91,7212201.71,RELIANCE.NS
2022-11-25,1181.87,1198.26,1178.72,1194.93,7349922,1178.18,1177.74,1138.75,0.01,0.01,19.54,6874167.57,RELIANCE.NS
2022-11-28,1190.95,1242.15,1142.15,1235.99,31527484,1185.25,1181.88,1139.84,0.03,0.02,100.0,10426458.0,RELIANCE.NS
2022-11-29,1234.34,1246.99,1229.8,1238.11,11058913,1192.72,1185.59,1141.21,0.0,0.02,17.19,11248703.14,RELIANCE.NS
2022-11-30,1238.25,1253.29,1231.72,1246.85,26164986,1204.49,1190.19,1143.33,0.01,0.01,21.57,14073662.86,RELIANCE.NS
2022-12-01,1251.62,1257.65,1239.84,1243.18,9485801,1214.81,1194.25,1145.34,-0.0,0.01,17.8,14484279.0,RELIANCE.NS
2022-12-02,1246.24,1254.45,1232.81,1242.65,11589592,1225.58,1198.06,1147.34,-0.0,0.01,21.64,15223733.86,RELIANCE.NS
2022-12-05,1238.02,1240.19,1222.5,1224.53,14828536,1232.32,1200.11,1148.92,-0.01,0.02,17.69,16000747.71,RELIANCE.NS
2022-12-06,1216.61,1231.17,1214.74,1228.07,8594245,1237.05,1202.01,1150.78,0.0,0.02,16.43,16178508.14,RELIANCE.NS
2022-12-07,1225.69,1230.26,1206.13,1209.94,8462111,1233.33,1203.08,1152.71,-0.01,0.01,24.13,12883454.86,RELIANCE.NS
2022-12-08,1214.28,1216.56,1205.2,1209.37,7757008,1229.23,1204.83,1155.19,-0.0,0.01,11.37,12411754.14,RELIANCE.NS
2022-12-09,1207.89,1214.28,1187.74,1191.05,12655763,1221.26,1204.31,1157.14,-0.02,0.01,26.55,10481865.14,RELIANCE.NS
2022-12-12,1180.27,1197.39,1180.04,1192.87,9479842,1214.07,1204.17,1159.7,0.0,0.01,17.35,10481013.86,RELIANCE.NS
2022-12-13,1192.87,1201.96,1189.95,1198.3,8333348,1207.73,1204.58,1162.43,0.0,0.01,12.01,10015836.14,RELIANCE.NS
2022-12-14,1204.08,1204.67,1191.91,1193.97,7268947,1203.37,1205.11,1164.61,-0.0,0.01,12.76,8935894.86,RELIANCE.NS
2022-12-15,1188.03,1193.74,1173.65,1177.01,8688551,1196.07,1204.63,1166.51,-0.01,0.01,20.09,8949367.14,RELIANCE.NS
2022-12-16,1173.65,1195.47,1167.79,1171.19,15837349,1190.54,1203.9,1167.9,-0.0,0.01,27.69,10002972.57,RELIANCE.NS
2022-12-19,1178.22,1188.72,1171.69,1186.57,7729933,1187.28,1205.01,1169.52,0.01,0.01,17.03,9999104.71,RELIANCE.NS
2022-12-20,1179.54,1198.76,1171.37,1196.84,7467588,1188.11,1206.3,1171.25,0.01,0.01,27.39,9257936.86,RELIANCE.NS
2022-12-21,1196.48,1201.96,1175.98,1179.82,8527550,1186.24,1206.93,1172.88,-0.01,0.01,25.97,9121895.14,RELIANCE.NS
2022-12-22,1185.98,1189.01,1171.71,1176.76,7451122,1183.16,1206.9,1174.89,-0.0,0.01,17.3,8995862.86,RELIANCE.NS
2022-12-23,1170.14,1182.55,1137.7,1142.25,10257115,1175.78,1204.27,1176.05,-0.03,0.01,44.85,9422744.0,RELIANCE.NS
2022-12-26,1147.97,1160.41,1137.77,1152.22,5990242,1172.23,1200.08,1177.34,0.01,0.02,22.64,9037271.29,RELIANCE.NS
2022-12-27,1154.94,1163.52,1148.2,1161.65,5763271,1170.87,1196.25,1178.93,0.01,0.02,15.32,7598117.29,RELIANCE.NS
2022-12-28,1158.59,1163.98,1151.06,1161.53,7459393,1167.29,1191.99,1180.17,-0.0,0.01,12.92,7559468.71,RELIANCE.NS
2022-12-29,1153.57,1163.56,1152.88,1161.01,6930648,1162.18,1187.88,1181.01,-0.0,0.01,10.68,7482763.0,RELIANCE.NS
2022-12-30,1161.83,1176.39,1160.0,1162.79,7289476,1159.74,1183.89,1181.49,0.0,0.01,16.39,7305895.29,RELIANCE.NS
2023-01-02,1164.07,1177.3,1163.24,1175.89,5316175,1159.62,1181.45,1182.18,0.01,0.01,14.06,7000902.86,RELIANCE.NS
2023-01-03,1170.94,1174.57,1163.06,1167.28,7658932,1163.2,1178.42,1182.96,-0.01,0.01,11.5,6629733.86,RELIANCE.NS
2023-01-04,1167.26,1169.11,1147.63,1149.71,9264891,1162.84,1175.4,1183.31,-0.02,0.01,21.48,7097540.86,RELIANCE.NS
2023-01-05,1151.97,1157.86,1143.07,1147.66,13637099,1160.84,1172.32,1183.98,-0.0,0.01,14.79,8222373.43,RELIANCE.NS
2023-01-06,1153.41,1163.13,1149.6,1158.09,6349597,1160.35,1170.67,1184.76,0.01,0.01,13.54,8063831.14,RELIANCE.NS
2023-01-09,1161.92,1187.8,1161.03,1185.43,10722753,1163.83,1170.3,1185.4,0.02,0.01,26.77,8605560.43,RELIANCE.NS
2023-01-10,1189.63,1189.63,1162.24,1167.9,8047142,1164.57,1168.78,1185.48,-0.01,0.01,27.39,8713798.43,RELIANCE.NS
2023-01-11,1165.21,1167.72,1150.87,1153.18,11509553,1161.32,1166.74,1185.45,-0.01,0.01,16.84,9598566.71,RELIANCE.NS
2023-01-12,1152.59,1156.08,1125.26,1128.28,17688773,1155.75,1164.3,1184.77,-0.02,0.02,30.81,11031401.14,RELIANCE.NS
2023-01-13,1122.25,1128.87,1111.39,1126.45,20618583,1152.43,1162.06,1183.98,-0.0,0.02,17.48,12653357.14,RELIANCE.NS
2023-01-16,1128.78,1131.95,1107.92,1115.72,13623855,1147.86,1158.52,1182.62,-0.01,0.02,24.03,12651465.14,RELIANCE.NS
2023-01-17,1122.07,1133.48,1118.69,1131.56,10751000,1144.08,1155.26,1181.45,0.01,0.02,14.79,13280237.0,RELIANCE.NS
2023-01-18,1129.14,1137.18,1123.14,1129.69,13448286,1136.11,1152.75,1180.27,-0.0,0.01,14.04,13669598.86,RELIANCE.NS
2023-01-19,1128.87,1132.64,1121.45,1128.48,11940054,1130.48,1150.34,1179.35,-0.0,0.01,11.18,14225729.14,RELIANCE.NS
2023-01-20,1129.83,1129.83,1112.6,1115.06,14930286,1125.04,1148.98,1177.63,-0.01,0.01,17.23,14714405.29,RELIANCE.NS
2023-01-23,1117.96,1125.81,1107.0,1109.42,10954118,1122.34,1146.84,1175.9,-0.01,0.01,18.81,13752311.71,RELIANCE.NS
2023-01-24,1113.85,1115.52,1089.82,1102.87,16488755,1118.97,1143.9,1174.16,-0.01,0.01,25.7,13162336.29,RELIANCE.NS
2023-01-25,1101.28,1102.3,1086.46,1087.63,12385018,1114.96,1140.21,1172.24,-0.01,0.01,15.84,12985359.57,RELIANCE.NS
2023-01-27,1088.47,1089.82,1055.26,1066.99,25830975,1105.74,1135.5,1169.85,-0.02,0.01,34.56,15139641.71,RELIANCE.NS
2023-01-30,1064.41,1082.76,1050.4,1077.22,21772103,1098.24,1131.23,1167.68,0.01,0.01,32.37,16328758.43,RELIANCE.NS
2023-01-31,1087.37,1089.95,1068.66,1074.52,22691594,1090.53,1126.16,1165.88,-0.0,0.01,21.3,17864692.71,RELIANCE.NS
2023-02-01,1086.44,1086.44,1052.22,1068.16,19347800,1083.83,1121.2,1163.83,-0.01,0.01,34.21,18495766.14,RELIANCE.NS
2023-02-02,1058.16,1071.85,1054.96,1062.24,13662663,1077.09,1116.83,1161.72,-0.01,0.01,16.89,18882701.14,RELIANCE.NS
2023-02-03,1072.31,1072.31,1046.75,1063.18,24699575,1071.42,1112.6,1159.44,0.0,0.01,25.56,20055675.43,RELIANCE.NS
2023-02-06,1056.79,1059.53,1052.59,1055.17,14837879,1066.78,1107.46,1156.65,-0.01,0.01,6.94,20406084.14,RELIANCE.NS
2023-02-07,1055.42,1062.45,1046.75,1052.64,15135435,1064.73,1100.82,1152.98,-0.0,0.01,15.7,18878149.86,RELIANCE.NS
2023-02-08,1055.88,1077.29,1053.14,1073.66,21160332,1064.22,1096.11,1149.69,0.02,0.01,24.15,18790754.0,RELIANCE.NS
2023-02-09,1074.34,1082.29,1065.46,1075.53,13172763,1064.37,1092.22,1146.26,0.0,0.01,16.82,17430921.0,RELIANCE.NS
2023-02-10,1075.0,1075.0,1059.67,1066.67,10790445,1064.16,1089.14,1142.73,-0.01,0.01,15.34,16208441.71,RELIANCE.NS
2023-02-13,1068.29,1072.77,1056.13,1060.6,10352493,1063.92,1085.85,1139.09,-0.01,0.01,16.64,15735560.29,RELIANCE.NS
2023-02-14,1063.61,1087.33,1060.74,1085.59,14321920,1067.12,1084.34,1136.31,0.02,0.01,26.59,14253038.14,RELIANCE.NS
2023-02-15,1084.64,1112.57,1083.27,1110.18,33503591,1074.98,1083.28,1133.96,0.02,0.01,29.31,16919568.43,RELIANCE.NS
2023-02-16,1118.17,1124.72,1107.03,1109.31,17264487,1083.08,1082.26,1131.94,-0.0,0.01,17.69,17223718.71,RELIANCE.NS
2023-02-17,1104.72,1117.28,1100.43,1113.94,11809520,1088.83,1081.53,1130.03,0.0,0.01,16.84,15887888.43,RELIANCE.NS
2023-02-20,1116.13,1118.3,1100.2,1102.17,8836937,1092.64,1080.88,1128.26,-0.01,0.01,18.1,15268484.71,RELIANCE.NS
2023-02-21,1106.55,1116.96,1101.23,1111.16,13311592,1098.99,1080.97,1126.62,0.01,0.01,15.73,15628648.57,RELIANCE.NS
2023-02-22,1107.44,1109.29,1084.2,1085.96,11024335,1102.62,1080.13,1124.38,-0.02,0.02,25.08,15724626.0,RELIANCE.NS
2023-02-23,1085.55,1093.2,1077.95,1080.76,9851910,1101.92,1079.78,1122.11,-0.0,0.01,15.25,15086053.14,RELIANCE.NS
2023-02-24,1082.81,1093.83,1080.98,1088.15,9434053,1098.78,1080.84,1120.33,0.01,0.01,12.85,11647547.71,RELIANCE.NS
2023-02-27,1087.38,1090.87,1073.54,1080.92,11199715,1094.72,1081.03,1118.53,-0.01,0.01,17.32,10781151.71,RELIANCE.NS
2023-02-28,1075.55,1080.53,1056.17,1060.24,21994038,1087.05,1080.31,1116.0,-0.02,0.01,24.35,12236082.86,RELIANCE.NS
2023-03-01,1070.03,1070.71,1060.56,1069.98,11551145,1082.45,1080.4,1113.47,0.01,0.01,10.16,12623826.86,RELIANCE.NS
2023-03-02,1066.83,1073.52,1059.8,1061.83,9333535,1075.4,1080.38,1111.11,-0.01,0.01,13.72,12055533.0,RELIANCE.NS
2023-03-03,1072.38,1092.6,1068.91,1088.93,14643807,1075.83,1081.67,1109.35,0.03,0.01,23.69,12572600.43,RELIANCE.NS
2023-03-06,1095.59,1106.82,1095.59,1099.56,10171916,1078.52,1083.89,1108.5,0.01,0.01,11.23,12618315.57,RELIANCE.NS
2023-03-08,1099.56,1104.27,1088.74,1103.51,15782657,1080.71,1086.43,1107.52,0.0,0.01,15.52,13525259.0,RELIANCE.NS
2023-03-09,1102.9,1103.31,1075.1,1076.99,16235128,1080.15,1086.6,1105.83,-0.02,0.02,28.21,14244603.71,RELIANCE.NS
2023-03-10,1068.89,1070.03,1056.81,1060.3,13334091,1080.16,1085.84,1103.8,-0.02,0.02,13.22,13007468.43,RELIANCE.NS
2023-03-13,1063.18,1070.03,1038.53,1042.87,12771592,1076.29,1084.65,1101.44,-0.02,0.02,31.5,13181818.0,RELIANCE.NS
2023-03-14,1040.81,1052.2,1035.81,1038.96,16027522,1073.02,1083.57,1098.96,-0.0,0.02,16.39,14138101.86,RELIANCE.NS
2023-03-15,1042.68,1049.17,1016.8,1021.21,21728555,1063.34,1080.35,1095.87,-0.02,0.01,32.37,15150208.71,RELIANCE.NS
2023-03-16,1023.92,1028.94,1005.3,1016.12,18363159,1051.42,1075.64,1092.85,-0.0,0.01,23.65,16320386.29,RELIANCE.NS
2023-03-17,1024.72,1028.01,1010.09,1014.84,34014213,1038.75,1070.92,1090.15,-0.0,0.01,17.92,18924894.29,RELIANCE.NS
2023-03-20,1011.14,1013.42,995.16,1004.86,19524589,1028.45,1065.47,1087.29,-0.01,0.01,18.26,19394817.29,RELIANCE.NS
2023-03-21,1012.94,1038.07,1012.05,1036.11,21400360,1024.99,1062.16,1084.85,0.03,0.02,26.02,20547141.43,RELIANCE.NS
2023-03-22,1043.09,1046.04,1036.25,1039.26,10920094,1024.48,1058.57,1081.93,0.0,0.02,9.79,20282641.71,RELIANCE.NS
2023-03-23,1035.33,1036.2,1023.94,1026.11,16249370,1022.64,1055.58,1079.1,-0.01,0.02,12.26,20314334.29,RELIANCE.NS
2023-03-24,1024.95,1027.12,1003.38,1005.8,12375945,1020.44,1051.83,1076.15,-0.02,0.02,23.74,18978247.14,RELIANCE.NS
2023-03-27,1012.28,1028.94,1004.38,1021.43,14054323,1021.2,1048.49,1074.01,0.02,0.02,24.56,18362699.14,RELIANCE.NS
2023-03-28,1024.83,1030.08,1021.18,1026.2,12576424,1022.83,1045.76,1072.01,0.0,0.02,8.9,15300157.86,RELIANCE.NS
2023-03-29,1022.1,1024.74,1009.36,1020.13,18804065,1025.01,1043.75,1070.09,-0.01,0.02,15.38,15197225.86,RELIANCE.NS
2023-03-31,1029.4,1069.78,1029.26,1064.12,28171201,1029.01,1043.46,1068.74,0.04,0.02,40.51,16164488.86,RELIANCE.NS
2023-04-03,1070.48,1072.31,1056.79,1064.3,10293043,1032.59,1043.58,1067.44,0.0,0.02,15.52,16074910.14,RELIANCE.NS
2023-04-05,1071.85,1071.85,1053.85,1061.74,16262928,1037.68,1042.22,1066.1,-0.0,0.02,18.01,16076847.0,RELIANCE.NS
2023-04-06,1058.23,1074.59,1058.23,1068.86,18435046,1046.68,1040.69,1065.18,0.01,0.02,16.37,16942432.86,RELIANCE.NS
2023-04-10,1072.77,1072.95,1059.78,1061.29,12961408,1052.38,1038.58,1064.22,-0.01,0.02,13.17,16786302.14,RELIANCE.NS
2023-04-11,1065.46,1068.66,1060.92,1066.54,10542367,1058.14,1038.05,1063.49,0.0,0.02,7.74,16495722.57,RELIANCE.NS
2023-04-12,1066.54,1080.89,1063.66,1071.24,18179087,1065.44,1038.6,1063.16,0.0,0.02,17.23,16406440.0,RELIANCE.NS
2023-04-13,1074.14,1079.98,1069.12,1075.28,12378208,1067.03,1040.22,1063.33,0.0,0.0,10.86,14150298.14,RELIANCE.NS
2023-04-17,1106.98,1106.98,1072.33,1080.73,17929479,1069.38,1042.31,1063.4,0.01,0.01,34.65,15241217.57,RELIANCE.NS
2023-04-18,1085.09,1085.09,1061.81,1068.36,10405576,1070.33,1044.67,1063.27,-0.01,0.01,23.28,14404453.0,RELIANCE.NS
2023-04-19,1067.77,1076.37,1064.64,1073.68,12273475,1071.02,1047.54,1063.38,0.0,0.01,11.73,13524228.57,RELIANCE.NS
2023-04-20,1074.64,1076.88,1064.6,1070.96,7007330,1072.4,1050.35,1063.56,-0.0,0.01,12.28,12673646.0,RELIANCE.NS
2023-04-21,1073.06,1077.79,1066.56,1072.31,7647317,1073.22,1053.72,1063.74,0.0,0.01,11.23,12260067.43,RELIANCE.NS
2023-04-24,1084.18,1086.87,1071.85,1076.42,12936186,1073.96,1055.74,1064.17,0.0,0.01,15.02,11511081.57,RELIANCE.NS
2023-04-25,1080.07,1086.74,1073.0,1084.66,9236126,1075.3,1058.01,1064.81,0.01,0.01,13.74,11062212.71,RELIANCE.NS
2023-04-26,1086.01,1089.25,1074.62,1078.29,8617834,1074.96,1060.62,1064.9,-0.01,0.01,14.63,9731977.71,RELIANCE.NS
2023-04-27,1084.18,1088.29,1079.16,1085.12,9167125,1077.35,1064.58,1065.09,0.01,0.0,9.13,9555056.14,RELIANCE.NS
2023-04-28,1087.37,1106.5,1087.26,1104.95,15565210,1081.82,1068.76,1065.86,0.02,0.01,19.24,10025304.0,RELIANCE.NS
2023-05-02,1112.12,1116.5,1108.42,1114.33,12981805,1088.01,1073.17,1066.93,0.01,0.01,8.08,10878800.43,RELIANCE.NS
2023-05-03,1116.13,1116.13,1101.55,1104.77,7061872,1092.65,1077.4,1067.31,-0.01,0.01,14.59,10795165.43,RELIANCE.NS
2023-05-04,1105.25,1119.72,1102.26,1117.5,8635233,1098.52,1080.07,1067.46,0.01,0.01,17.46,10180743.57,RELIANCE.NS
2023-05-05,1114.31,1123.6,1112.03,1114.65,8746585,1102.8,1082.58,1067.57,-0.0,0.01,11.57,10110809.14,RELIANCE.NS
2023-05-08,1118.42,1133.78,1115.75,1128.41,9153782,1109.96,1085.92,1067.86,0.01,0.01,18.03,10187373.14,RELIANCE.NS
2023-05-09,1129.83,1135.22,1124.47,1131.91,6464721,1116.65,1089.07,1068.45,0.0,0.01,10.75,9801315.43,RELIANCE.NS
2023-05-10,1136.68,1141.17,1132.66,1139.69,10872255,1121.61,1092.99,1069.02,0.01,0.01,8.51,9130893.29,RELIANCE.NS
2023-05-11,1140.76,1145.58,1130.54,1132.25,10557860,1124.17,1096.28,1069.95,-0.01,0.01,15.04,8784615.43,RELIANCE.NS
2023-05-12,1127.46,1135.49,1121.38,1134.1,6955341,1128.36,1099.42,1071.02,0.0,0.01,14.11,8769396.71,RELIANCE.NS
2023-05-15,1136.63,1143.32,1128.98,1136.33,6833343,1131.05,1102.47,1071.98,0.0,0.01,14.33,8511983.86,RELIANCE.NS
2023-05-16,1138.5,1141.06,1118.49,1120.15,8717229,1131.83,1104.44,1072.76,-0.01,0.01,22.57,8507790.14,RELIANCE.NS
2023-05-17,1124.35,1125.26,1108.83,1113.53,8798967,1129.71,1106.7,1073.83,-0.01,0.01,16.43,8457102.29,RELIANCE.NS
2023-05-18,1118.21,1121.61,1107.99,1111.14,10525531,1126.74,1108.57,1074.65,-0.0,0.01,13.63,9037218.0,RELIANCE.NS
2023-05-19,1111.14,1116.57,1104.2,1114.74,8050447,1123.18,1110.76,1075.71,0.0,0.01,12.37,8634102.57,RELIANCE.NS
2023-05-22,1111.57,1125.72,1110.36,1120.7,7434906,1121.53,1113.18,1076.35,0.01,0.01,15.36,8187966.29,RELIANCE.NS
2023-05-23,1123.28,1126.63,1119.08,1120.49,6092034,1119.58,1115.39,1076.77,-0.0,0.01,7.56,8064636.71,RELIANCE.NS
2023-05-24,1116.55,1124.81,1110.86,1113.97,8112254,1116.39,1116.85,1076.97,-0.01,0.01,13.95,8247338.29,RELIANCE.NS
2023-05-25,1111.07,1117.96,1102.92,1113.83,11487863,1115.49,1118.63,1077.71,-0.0,0.0,15.04,8643143.14,RELIANCE.NS
2023-05-26,1122.07,1145.35,1118.76,1144.21,12626260,1119.87,1121.58,1079.39,0.03,0.01,26.59,9189899.29,RELIANCE.NS
2023-05-29,1150.83,1154.94,1144.53,1150.65,10010304,1125.51,1123.87,1081.54,0.01,0.01,10.41,9116295.43,RELIANCE.NS
2023-05-30,1150.65,1158.45,1147.79,1150.35,11342504,1130.6,1125.67,1083.77,-0.0,0.01,10.66,9586589.29,RELIANCE.NS
2023-05-31,1141.24,1145.74,1123.44,1127.5,27107927,1131.57,1126.8,1085.9,-0.02,0.01,22.3,12397020.86,RELIANCE.NS
2023-06-01,1132.18,1134.35,1122.07,1124.47,14592692,1132.14,1127.15,1088.07,-0.0,0.01,12.28,13611400.57,RELIANCE.NS
2023-06-02,1128.0,1133.41,1118.87,1120.79,15800644,1133.11,1127.46,1090.18,-0.0,0.01,14.54,14709742.0,RELIANCE.NS
2023-06-05,1126.27,1133.82,1122.27,1130.86,10908682,1135.55,1127.58,1092.7,0.01,0.01,11.55,14627001.86,RELIANCE.NS
2023-06-06,1133.69,1135.63,1123.89,1131.81,7493309,1133.77,1127.58,1094.62,0.0,0.01,11.73,13893723.14,RELIANCE.NS
2023-06-07,1135.31,1141.24,1128.73,1140.4,10312545,1132.31,1127.61,1096.64,0.01,0.01,12.51,13936900.43,RELIANCE.NS
2023-06-08,1143.98,1148.93,1137.13,1141.08,12071109,1130.99,1128.05,1098.94,0.0,0.01,11.8,14040986.86,RELIANCE.NS
2023-06-09,1144.44,1145.14,1131.2,1133.0,5877018,1131.77,1128.0,1101.48,-0.01,0.01,13.95,11007999.86,RELIANCE.NS
2023-06-12,1130.06,1136.31,1125.26,1134.01,6391969,1133.14,1127.88,1103.74,0.0,0.01,11.05,9836468.0,RELIANCE.NS
2023-06-13,1138.96,1151.95,1134.96,1150.76,11248016,1137.42,1129.41,1106.23,0.01,0.01,16.98,9186092.57,RELIANCE.NS
2023-06-14,1150.83,1166.35,1149.0,1164.91,13277380,1142.28,1131.98,1109.12,0.01,0.01,17.35,9524478.0,RELIANCE.NS
2023-06-15,1164.89,1169.8,1157.45,1165.23,11813494,1147.06,1134.69,1111.14,0.0,0.01,12.35,10141647.29,RELIANCE.NS
2023-06-16,1168.72,1178.86,1168.72,1176.57,24171579,1152.22,1137.78,1113.39,0.01,0.01,10.13,12121509.29,RELIANCE.NS
2023-06-19,1179.59,1179.59,1160.71,1164.89,6798554,1155.62,1139.99,1115.45,-0.01,0.01,18.88,11368287.14,RELIANCE.NS
2023-06-20,1162.95,1170.46,1157.22,1167.31,6921096,1160.53,1142.33,1117.42,0.0,0.01,13.24,11517441.14,RELIANCE.NS
2023-06-21,1167.26,1173.13,1163.15,1170.59,6961603,1165.75,1145.16,1119.61,0.0,0.01,9.97,11598817.43,RELIANCE.NS
2023-06-22,1166.81,1174.7,1155.85,1157.45,7619166,1166.71,1147.34,1121.43,-0.01,0.01,18.85,11080410.29,RELIANCE.NS
2023-06-23,1154.43,1156.49,1146.72,1147.97,6628570,1164.29,1147.53,1122.96,-0.01,0.01,9.77,10130580.29,RELIANCE.NS
2023-06-26,1144.44,1148.27,1136.08,1139.21,12641159,1160.57,1146.96,1124.24,-0.01,0.01,12.19,10248818.14,RELIANCE.NS
2023-06-27,1139.67,1145.58,1135.15,1139.62,9689466,1155.29,1146.42,1125.42,0.0,0.01,10.43,8179944.86,RELIANCE.NS
2023-06-28,1147.18,1158.52,1140.26,1154.71,11354006,1153.84,1147.78,1127.14,0.01,0.01,18.26,8830723.71,RELIANCE.NS
2023-06-30,1162.42,1167.1,1156.51,1164.18,11151555,1153.39,1149.77,1128.95,0.01,0.01,10.59,9435075.0,RELIANCE.NS
2023-07-03,1167.74,1196.93,1166.51,1194.06,12154387,1156.74,1153.43,1131.42,0.03,0.01,30.43,10176901.29,RELIANCE.NS
2023-07-04,1198.3,1198.3,1174.68,1181.76,8061643,1160.22,1155.98,1133.61,-0.01,0.01,23.62,10240112.29,RELIANCE.NS
2023-07-05,1191.0,1191.0,1175.84,1179.82,10248062,1164.76,1158.38,1135.67,-0.0,0.01,15.16,10757182.57,RELIANCE.NS
2023-07-06,1175.96,1207.18,1175.96,1204.58,19117987,1174.1,1161.59,1138.07,0.02,0.01,31.22,11682443.71,RELIANCE.NS
2023-07-07,1202.87,1216.54,1199.67,1202.23,13375267,1183.05,1164.64,1140.55,-0.0,0.01,16.87,12208986.71,RELIANCE.NS
2023-07-10,1227.47,1258.1,1221.13,1248.54,33240016,1196.45,1170.42,1143.82,0.04,0.02,36.98,15335559.57,RELIANCE.NS
2023-07-11,1256.69,1264.5,1249.71,1262.08,20069348,1210.44,1176.82,1146.96,0.01,0.02,14.79,16609530.0,RELIANCE.NS
2023-07-12,1262.81,1279.1,1260.68,1263.47,18733835,1220.35,1182.46,1149.94,0.0,0.02,18.42,17549451.14,RELIANCE.NS
2023-07-13,1270.84,1277.73,1249.55,1252.17,14682934,1230.41,1186.82,1152.89,-0.01,0.02,28.19,18495349.86,RELIANCE.NS
2023-07-14,1255.37,1260.34,1244.0,1251.12,15124144,1240.6,1191.12,1155.56,-0.0,0.02,16.34,19191933.0,RELIANCE.NS
2023-07-17,1254.0,1285.06,1245.32,1276.68,22220040,1250.9,1196.12,1158.81,0.02,0.02,39.74,19635083.43,RELIANCE.NS
2023-07-18,1285.95,1295.29,1274.99,1287.53,25867313,1263.08,1202.25,1161.99,0.01,0.02,20.29,21419661.43,RELIANCE.NS
2023-07-19,1291.89,1303.75,1276.82,1297.3,39122156,1270.05,1208.75,1165.3,0.01,0.01,26.93,22259967.14,RELIANCE.NS
2023-07-20,1276.01,1301.21,1276.01,1295.72,38717624,1274.86,1215.01,1168.42,-0.0,0.01,25.2,24924006.57,RELIANCE.NS
2023-07-21,1290.36,1293.28,1248.12,1255.61,30249238,1273.73,1219.92,1170.88,-0.03,0.02,45.16,26569064.14,RELIANCE.NS
2023-07-24,1227.05,1243.84,1221.26,1230.22,23727866,1270.6,1224.03,1172.81,-0.02,0.02,22.58,27861197.29,RELIANCE.NS
2023-07-25,1233.48,1239.02,1226.56,1229.43,12026020,1267.5,1228.54,1174.67,-0.0,0.02,12.46,27418608.14,RELIANCE.NS
2023-07-26,1229.03,1259.69,1229.03,1249.41,12911012,1263.6,1234.03,1177.25,0.02,0.02,30.66,26088747.0,RELIANCE.NS
2023-07-27,1253.29,1255.07,1231.68,1237.78,17226898,1256.49,1238.18,1179.74,-0.01,0.02,23.39,24854402.0,RELIANCE.NS
2023-07-28,1242.41,1257.64,1236.72,1250.22,20827852,1249.77,1242.49,1182.52,0.01,0.02,20.92,22240930.0,RELIANCE.NS
2023-07-31,1250.22,1263.11,1245.33,1260.81,8551174,1244.78,1245.82,1185.44,0.01,0.02,17.78,17931437.14,RELIANCE.NS
2023-08-01,1263.65,1265.63,1239.07,1242.98,9536632,1242.98,1248.88,1187.89,-0.01,0.01,26.56,14972493.43,RELIANCE.NS
2023-08-02,1241.0,1242.38,1218.45,1229.7,12748214,1242.9,1251.38,1190.07,-0.01,0.01,23.94,13403971.71,RELIANCE.NS
2023-08-03,1224.23,1236.89,1215.7,1224.53,10168350,1242.2,1252.38,1192.28,-0.0,0.01,21.19,13138590.29,RELIANCE.NS
2023-08-04,1235.86,1244.36,1222.4,1241.17,22885610,1241.03,1254.32,1194.83,0.01,0.01,21.96,14563532.86,RELIANCE.NS
2023-08-07,1246.83,1250.49,1238.92,1248.24,5982870,1242.52,1254.31,1196.91,0.01,0.01,11.57,12957243.14,RELIANCE.NS
2023-08-08,1250.3,1253.49,1236.23,1240.73,9844072,1241.16,1253.24,1198.71,-0.01,0.01,17.26,11388131.71,RELIANCE.NS
2023-08-09,1238.85,1250.79,1227.1,1248.91,11486586,1239.47,1252.51,1200.68,0.01,0.01,23.69,11807476.29,RELIANCE.NS
2023-08-10,1248.79,1261.18,1240.63,1254.48,15470598,1241.11,1252.63,1203.22,0.0,0.01,20.55,12655185.71,RELIANCE.NS
2023-08-11,1252.5,1265.55,1242.56,1259.77,22179330,1245.4,1253.06,1205.93,0.0,0.01,23.0,14002488.0,RELIANCE.NS
2023-08-14,1255.74,1277.15,1248.81,1274.65,9575812,1252.56,1252.96,1209.0,0.01,0.01,28.34,13917839.71,RELIANCE.NS
2023-08-16,1261.67,1277.4,1261.67,1273.62,10203112,1257.2,1252.26,1211.86,-0.0,0.01,15.73,12106054.29,RELIANCE.NS
2023-08-17,1269.63,1275.08,1252.7,1255.24,13673744,1258.2,1250.16,1214.33,-0.01,0.01,22.38,13204750.57,RELIANCE.NS
2023-08-18,1251.9,1274.83,1240.68,1264.54,18639978,1261.6,1248.6,1216.81,0.01,0.01,34.15,14461308.57,RELIANCE.NS
2023-08-21,1260.64,1268.34,1248.58,1250.74,9221746,1261.86,1248.36,1219.0,-0.01,0.01,19.75,14137760.0,RELIANCE.NS
2023-08-22,1249.2,1259.65,1240.32,1250.44,7713044,1261.29,1249.37,1221.35,-0.0,0.01,19.33,13029538.0,RELIANCE.NS
2023-08-23,1252.83,1262.08,1249.23,1251.83,9517952,1260.15,1250.49,1223.71,0.0,0.01,12.85,11220769.71,RELIANCE.NS
2023-08-24,1260.62,1260.62,1226.42,1230.79,14140020,1253.89,1249.56,1225.31,-0.02,0.01,34.2,11872799.43,RELIANCE.NS
2023-08-25,1218.98,1243.3,1212.33,1225.11,22222400,1246.96,1248.93,1226.51,-0.0,0.01,30.97,13589840.57,RELIANCE.NS
2023-08-28,1226.92,1232.87,1206.62,1212.9,12580826,1240.91,1247.06,1227.47,-0.01,0.01,26.26,13433709.43,RELIANCE.NS
2023-08-29,1217.02,1217.71,1195.23,1201.28,16876644,1231.87,1244.08,1227.96,-0.01,0.01,22.48,13181804.57,RELIANCE.NS
2023-08-30,1207.07,1212.53,1198.63,1200.14,12168946,1224.64,1241.94,1228.67,-0.0,0.01,13.9,13602833.14,RELIANCE.NS
2023-08-31,1202.6,1203.59,1191.13,1194.66,21638600,1216.67,1240.19,1229.21,-0.0,0.01,12.46,15592198.29,RELIANCE.NS
2023-09-01,1194.43,1203.91,1192.0,1197.46,18112842,1208.91,1238.84,1229.75,0.0,0.01,11.91,16820039.71,RELIANCE.NS
2023-09-04,1197.46,1202.92,1193.81,1196.49,9347626,1204.01,1236.6,1230.53,-0.0,0.0,9.11,16135412.0,RELIANCE.NS
2023-09-05,1201.11,1208.03,1197.36,1202.9,8675876,1200.83,1234.33,1231.63,0.01,0.01,10.67,14200194.29,RELIANCE.NS
2023-09-06,1201.66,1209.13,1199.75,1205.43,8200370,1199.77,1232.57,1232.96,0.0,0.0,9.38,13574414.86,RELIANCE.NS
2023-09-07,1201.95,1210.17,1196.64,1207.07,13652572,1200.59,1230.48,1234.3,0.0,0.0,13.52,13113833.14,RELIANCE.NS
2023-09-08,1211.04,1218.98,1202.57,1215.11,23109288,1202.73,1228.51,1235.51,0.01,0.0,16.4,14676739.14,RELIANCE.NS
2023-09-11,1216.99,1229.33,1216.99,1228.21,13271074,1207.52,1226.93,1236.79,0.01,0.0,12.33,13481378.29,RELIANCE.NS
2023-09-12,1232.38,1232.38,1209.03,1210.47,16255666,1209.38,1223.72,1237.12,-0.01,0.01,23.35,13216067.43,RELIANCE.NS
2023-09-13,1211.04,1222.28,1204.21,1216.52,12803338,1212.24,1220.87,1237.82,0.01,0.01,18.07,13709740.57,RELIANCE.NS
2023-09-14,1220.96,1223.84,1213.52,1217.64,9209636,1214.35,1218.99,1238.57,0.0,0.01,10.32,13785992.0,RELIANCE.NS
2023-09-15,1224.93,1224.93,1215.75,1219.9,25468592,1216.41,1216.75,1238.88,0.0,0.01,9.18,16252880.86,RELIANCE.NS
2023-09-18,1211.06,1216.5,1207.09,1209.27,7516300,1216.73,1214.68,1239.02,-0.01,0.01,9.41,15376270.57,RELIANCE.NS
2023-09-20,1202.62,1204.88,1168.85,1182.32,57081884,1212.05,1211.27,1237.7,-0.02,0.01,36.03,20229498.57,RELIANCE.NS
2023-09-21,1178.75,1186.27,1171.33,1173.71,12226182,1204.26,1207.37,1235.93,-0.01,0.01,14.94,20080228.29,RELIANCE.NS
2023-09-22,1179.27,1182.47,1166.37,1168.82,19176786,1198.31,1204.27,1234.04,-0.0,0.01,16.11,20497531.14,RELIANCE.NS
2023-09-25,1166.57,1171.68,1158.97,1161.63,14254884,1190.47,1201.1,1232.22,-0.01,0.01,12.71,20704894.86,RELIANCE.NS
2023-09-26,1160.68,1166.47,1159.22,1162.64,10087782,1182.61,1198.58,1230.46,0.0,0.01,7.25,20830344.29,RELIANCE.NS
2023-09-27,1163.14,1177.19,1160.66,1175.75,11722778,1176.31,1197.31,1228.44,0.01,0.01,16.53,18866656.57,RELIANCE.NS
2023-09-28,1182.75,1182.75,1153.96,1158.48,14518346,1169.05,1195.22,1225.86,-0.01,0.01,28.79,19866948.86,RELIANCE.NS
2023-09-29,1162.3,1175.85,1158.48,1163.89,12342014,1166.42,1193.69,1223.19,0.0,0.01,17.37,13475538.86,RELIANCE.NS
2023-10-03,1156.42,1159.22,1149.49,1150.56,8859056,1163.11,1191.34,1220.28,-0.01,0.01,9.73,12994520.86,RELIANCE.NS
2023-10-04,1146.02,1150.98,1139.12,1148.57,10286386,1160.22,1188.94,1218.14,-0.0,0.01,11.86,11724463.71,RELIANCE.NS
2023-10-05,1151.11,1156.14,1146.02,1148.55,10953682,1158.35,1186.23,1216.51,-0.0,0.01,10.13,11252863.43,RELIANCE.NS
2023-10-06,1150.01,1153.86,1147.53,1150.48,5431026,1156.61,1183.48,1214.93,0.0,0.01,6.33,10587612.57,RELIANCE.NS
2023-10-09,1145.57,1147.48,1139.07,1140.68,7576878,1151.6,1180.16,1212.76,-0.01,0.01,8.41,9995341.14,RELIANCE.NS
2023-10-10,1144.8,1150.44,1143.41,1145.72,10236032,1149.78,1176.69,1210.92,0.0,0.01,7.02,9383582.0,RELIANCE.NS
2023-10-11,1148.72,1166.22,1148.0,1163.91,9814118,1149.78,1173.48,1209.19,0.02,0.01,18.22,9022454.0,RELIANCE.NS
2023-10-12,1163.31,1171.01,1160.49,1166.07,12554450,1152.0,1171.26,1207.29,0.0,0.01,10.52,9550367.43,RELIANCE.NS
2023-10-13,1161.4,1170.09,1156.02,1166.02,10150316,1154.49,1168.73,1205.75,-0.0,0.01,14.07,9530928.86,RELIANCE.NS
2023-10-16,1163.89,1168.63,1159.42,1163.41,5929036,1156.61,1166.02,1204.43,-0.0,0.01,9.21,8813122.29,RELIANCE.NS
2023-10-17,1169.35,1171.18,1162.05,1168.97,7928180,1159.26,1163.47,1203.32,0.0,0.01,9.13,9169858.57,RELIANCE.NS
2023-10-18,1168.97,1174.8,1151.97,1153.46,8918320,1161.08,1160.68,1201.56,-0.01,0.01,22.83,9361493.14,RELIANCE.NS
2023-10-19,1147.51,1152.37,1142.05,1144.6,12032556,1160.92,1158.8,1199.49,-0.01,0.01,10.32,9618139.43,RELIANCE.NS
2023-10-20,1141.55,1148.85,1139.71,1141.1,8913312,1157.66,1157.17,1197.5,-0.0,0.01,9.13,9489452.86,RELIANCE.NS
2023-10-23,1136.59,1144.65,1119.34,1123.29,7853962,1151.55,1154.89,1194.99,-0.02,0.01,25.31,8817954.57,RELIANCE.NS
2023-10-25,1116.76,1132.22,1113.26,1120.68,11620688,1145.07,1152.84,1192.31,-0.0,0.01,18.96,9028007.71,RELIANCE.NS
2023-10-26,1117.23,1120.71,1101.99,1105.07,15222534,1136.74,1149.96,1189.22,-0.01,0.01,18.71,10355650.29,RELIANCE.NS
2023-10-27,1111.77,1128.4,1109.76,1124.58,11771084,1130.4,1147.41,1186.21,0.02,0.01,18.64,10904636.57,RELIANCE.NS
2023-10-30,1128.65,1153.96,1126.64,1147.75,16813304,1129.58,1146.87,1183.7,0.02,0.01,27.32,12032491.43,RELIANCE.NS
2023-10-31,1155.45,1155.45,1133.06,1135.55,12808438,1128.29,1145.45,1181.3,-0.01,0.01,22.38,12143331.71,RELIANCE.NS
2023-11-01,1136.17,1150.24,1129.24,1140.26,10309190,1128.17,1144.94,1178.82,0.0,0.01,20.99,12342742.86,RELIANCE.NS
2023-11-02,1148.47,1153.61,1145.5,1151.58,10562104,1132.21,1145.09,1176.83,0.01,0.01,8.11,12729620.29,RELIANCE.NS
2023-11-03,1155.05,1158.9,1149.37,1151.33,8850156,1136.59,1145.23,1174.85,-0.0,0.01,9.53,12333830.0,RELIANCE.NS
2023-11-06,1157.58,1161.4,1154.26,1160.91,10647304,1144.56,1145.75,1173.03,0.01,0.01,7.15,11680225.71,RELIANCE.NS
2023-11-07,1158.45,1160.96,1151.25,1153.36,6960204,1148.68,1146.38,1171.49,-0.01,0.01,9.7,10992957.14,RELIANCE.NS
2023-11-08,1157.43,1161.9,1152.35,1159.37,7884494,1150.34,1147.06,1170.17,0.01,0.01,9.55,9717412.86,RELIANCE.NS
2023-11-09,1159.34,1159.37,1143.64,1146.79,14513610,1151.94,1146.21,1168.85,-0.01,0.01,15.73,9961008.86,RELIANCE.NS
2023-11-10,1144.31,1149.67,1140.58,1148.95,7734954,1153.18,1145.35,1167.8,0.0,0.01,9.08,9593260.86,RELIANCE.NS
2023-11-13,1152.92,1153.76,1147.36,1148.8,3854810,1152.79,1144.49,1166.77,-0.0,0.01,6.4,8635076.0,RELIANCE.NS
2023-11-15,1161.4,1172.3,1154.95,1169.57,12220648,1155.39,1144.8,1166.27,0.02,0.01,17.35,9116574.86,RELIANCE.NS
2023-11-16,1166.91,1178.35,1164.85,1171.68,13134910,1156.93,1144.93,1165.76,0.0,0.01,13.5,9471947.14,RELIANCE.NS
2023-11-17,1167.81,1177.91,1167.38,1169.12,7758634,1159.18,1145.72,1165.21,-0.0,0.01,10.52,9586008.57,RELIANCE.NS
2023-11-20,1165.65,1170.54,1159.62,1166.04,4490186,1160.13,1146.79,1164.47,-0.0,0.01,10.92,9101107.43,RELIANCE.NS
2023-11-21,1174.31,1185.23,1171.43,1180.71,8214450,1164.98,1148.77,1163.98,0.01,0.01,13.8,8201227.43,RELIANCE.NS
2023-11-22,1178.78,1188.43,1177.39,1185.33,8534814,1170.18,1151.87,1163.54,0.0,0.01,11.04,8315493.14,RELIANCE.NS
2023-11-23,1185.33,1191.18,1185.33,1188.95,8531542,1175.91,1155.28,1163.02,0.0,0.01,5.86,8983597.71,RELIANCE.NS
2023-11-24,1187.01,1192.47,1186.74,1188.16,6749486,1178.57,1159.44,1162.22,-0.0,0.01,5.73,8202003.14,RELIANCE.NS
2023-11-28,1188.16,1191.03,1178.9,1188.4,13792174,1180.96,1162.63,1161.78,0.0,0.01,12.14,8295898.0,RELIANCE.NS
2023-11-29,1195.15,1197.11,1190.22,1191.53,12531306,1184.16,1164.82,1161.28,0.0,0.0,6.9,8977708.29,RELIANCE.NS
2023-11-30,1188.55,1191.53,1176.24,1179.99,28439984,1186.15,1167.04,1160.53,-0.01,0.01,15.29,12399108.0,RELIANCE.NS
2023-12-01,1180.26,1189.4,1180.07,1188.35,14342842,1187.24,1169.45,1159.89,0.01,0.01,9.33,13274592.57,RELIANCE.NS
2023-12-04,1216.0,1216.0,1190.49,1201.21,15590990,1189.51,1171.93,1159.73,0.01,0.01,25.51,14282617.71,RELIANCE.NS
2023-12-05,1210.54,1211.46,1201.93,1209.92,12693624,1192.51,1174.86,1160.29,0.01,0.01,9.53,14877200.86,RELIANCE.NS
2023-12-06,1214.56,1227.39,1208.55,1221.51,16422442,1197.27,1177.89,1161.24,0.01,0.01,18.84,16259051.71,RELIANCE.NS
2023-12-07,1220.96,1221.43,1212.03,1219.5,8142096,1201.72,1181.19,1162.25,-0.0,0.01,9.41,15451897.71,RELIANCE.NS
2023-12-08,1222.87,1229.25,1213.52,1218.85,10204894,1205.62,1184.17,1163.4,-0.0,0.01,15.73,15119553.14,RELIANCE.NS
2023-12-11,1218.98,1224.74,1217.19,1220.64,7066138,1211.43,1187.86,1164.56,0.0,0.01,7.54,12066146.57,RELIANCE.NS
2023-12-12,1220.96,1223.42,1201.18,1203.12,9197124,1213.54,1190.57,1165.11,-0.01,0.01,22.24,11331044.0,RELIANCE.NS
2023-12-13,1202.1,1210.22,1194.31,1208.03,10031182,1214.51,1193.53,1166.1,0.0,0.01,15.91,10536785.71,RELIANCE.NS
2023-12-14,1217.99,1228.38,1212.35,1223.02,16972354,1216.38,1196.2,1167.28,0.01,0.01,16.03,11148032.86,RELIANCE.NS
2023-12-15,1229.9,1240.82,1225.95,1238.63,15932152,1218.83,1199.55,1169.04,0.01,0.01,14.86,11077991.43,RELIANCE.NS
2023-12-18,1238.63,1258.14,1236.32,1251.24,14165188,1223.36,1203.66,1171.1,0.01,0.01,21.81,11938433.14,RELIANCE.NS
2023-12-19,1268.11,1277.49,1253.32,1269.65,16820604,1230.62,1208.84,1173.52,0.01,0.01,24.17,12883534.57,RELIANCE.NS
2023-12-20,1276.08,1289.88,1250.74,1254.29,17736722,1235.43,1212.52,1175.59,-0.01,0.01,39.14,14407903.71,RELIANCE.NS
2023-12-21,1254.22,1277.3,1249.87,1271.86,13765454,1245.25,1216.84,1178.22,0.01,0.01,27.42,15060522.29,RELIANCE.NS
2023-12-22,1270.4,1280.97,1264.47,1273.1,16541784,1254.54,1221.05,1180.76,0.0,0.01,16.5,15990608.29,RELIANCE.NS
2023-12-26,1274.57,1286.45,1271.94,1279.55,7465664,1262.62,1225.62,1183.08,0.01,0.01,14.52,14632509.71,RELIANCE.NS
2023-12-27,1281.51,1290.4,1277.1,1283.92,9204156,1269.09,1230.4,1185.43,0.0,0.01,13.3,13671367.43,RELIANCE.NS
2023-12-28,1285.39,1296.4,1283.92,1293.2,12302636,1275.08,1235.48,1187.98,0.01,0.01,12.48,13405288.57,RELIANCE.NS
2023-12-29,1295.96,1297.4,1280.17,1282.98,10864584,1276.99,1240.63,1190.37,-0.01,0.01,17.22,12554428.57,RELIANCE.NS
2024-01-01,1280.8,1293.85,1277.12,1285.61,4030540,1281.46,1245.49,1192.7,0.0,0.01,16.73,10596402.57,RELIANCE.NS
2024-01-02,1283.0,1297.89,1277.05,1296.26,7448800,1284.95,1250.25,1195.56,0.01,0.01,20.85,9694023.43,RELIANCE.NS
2024-01-03,1295.41,1307.32,1279.13,1282.16,9037536,1286.24,1253.86,1198.31,-0.01,0.01,28.19,8621988.0,RELIANCE.NS
2024-01-04,1284.49,1295.34,1280.08,1288.79,9612778,1287.56,1257.22,1201.26,0.01,0.01,15.26,8928718.57,RELIANCE.NS
2024-01-05,1291.89,1300.3,1289.46,1294.27,8086406,1289.04,1260.96,1204.68,0.0,0.01,10.84,8769040.0,RELIANCE.NS
2024-01-08,1295.41,1306.31,1275.04,1284.17,7734652,1287.75,1264.23,1207.95,-0.01,0.01,31.27,8116470.86,RELIANCE.NS
2024-01-09,1290.45,1293.82,1279.13,1280.77,5403074,1287.43,1267.23,1211.47,-0.0,0.01,14.69,7336255.14,RELIANCE.NS
2024-01-10,1279.03,1319.73,1278.07,1315.31,11102740,1291.68,1272.84,1215.28,0.03,0.01,41.67,8346569.43,RELIANCE.NS
2024-01-11,1319.73,1352.49,1318.74,1349.91,23725852,1299.34,1279.94,1219.32,0.03,0.02,33.75,10671862.57,RELIANCE.NS
2024-01-12,1349.91,1363.24,1335.86,1360.65,15012164,1310.55,1286.82,1223.83,0.01,0.01,27.37,11525380.86,RELIANCE.NS
2024-01-15,1364.9,1386.19,1355.96,1383.88,8610594,1324.14,1294.08,1228.7,0.02,0.01,30.23,11382211.71,RELIANCE.NS
2024-01-16,1379.76,1386.04,1360.43,1364.53,9069024,1334.18,1299.74,1232.96,-0.01,0.02,25.61,11522585.71,RELIANCE.NS
2024-01-17,1349.51,1376.09,1345.07,1351.57,12197382,1343.8,1303.84,1236.96,-0.01,0.02,31.02,12160118.57,RELIANCE.NS
2024-01-18,1341.47,1360.93,1341.32,1357.9,10279438,1354.82,1309.02,1240.9,0.0,0.02,19.6,12856742.0,RELIANCE.NS
2024-01-19,1365.89,1365.89,1349.02,1357.4,10422704,1360.83,1313.3,1244.98,-0.0,0.01,16.88,12759594.0,RELIANCE.NS
2024-01-23,1361.67,1361.67,1312.83,1318.81,20055420,1356.39,1315.58,1248.17,-0.03,0.02,48.84,12235246.57,RELIANCE.NS
2024-01-24,1325.41,1339.59,1314.2,1334.0,21919128,1352.59,1318.31,1251.92,0.01,0.02,25.39,13221955.71,RELIANCE.NS
2024-01-25,1333.08,1354.13,1325.39,1343.13,11808872,1346.76,1321.27,1255.8,0.01,0.01,28.74,13678852.57,RELIANCE.NS
2024-01-29,1354.47,1441.83,1350.18,1437.41,23893438,1357.18,1328.48,1261.57,0.07,0.03,91.65,15796626.0,RELIANCE.NS
2024-01-30,1449.22,1449.25,1394.11,1397.28,14093978,1363.71,1334.19,1266.13,-0.03,0.03,55.14,16067568.29,RELIANCE.NS
2024-01-31,1393.68,1423.71,1392.2,1416.14,15130226,1372.03,1340.72,1271.02,0.01,0.03,31.52,16760538.0,RELIANCE.NS
2024-02-01,1424.46,1432.75,1407.63,1416.17,13349362,1380.42,1346.71,1275.96,0.0,0.03,25.11,17178632.0,RELIANCE.NS
2024-02-02,1422.65,1464.06,1422.65,1446.99,19652588,1398.73,1354.96,1281.58,0.02,0.03,41.42,17121084.57,RELIANCE.NS
2024-02-05,1450.02,1459.7,1421.01,1428.45,8814432,1412.23,1361.94,1286.53,-0.01,0.03,38.69,15248985.14,RELIANCE.NS
2024-02-06,1431.26,1431.26,1409.39,1417.31,9047984,1422.82,1368.09,1291.17,-0.01,0.03,21.86,14854572.57,RELIANCE.NS
2024-02-07,1425.38,1438.85,1418.75,1431.55,9296568,1421.99,1375.46,1296.02,0.01,0.02,20.1,12769305.43,RELIANCE.NS
2024-02-08,1439.35,1448.75,1417.04,1439.47,14694634,1428.01,1383.39,1301.05,0.01,0.01,31.72,12855113.43,RELIANCE.NS
2024-02-09,1443.32,1461.16,1440.29,1450.02,12556798,1432.85,1390.13,1306.28,0.01,0.01,20.87,12487480.86,RELIANCE.NS
2024-02-12,1450.02,1450.27,1431.75,1441.68,6674430,1436.5,1394.72,1311.28,-0.01,0.01,18.51,11533919.14,RELIANCE.NS
2024-02-13,1444.81,1468.13,1443.32,1454.34,7715594,1437.55,1399.4,1316.77,0.01,0.01,24.82,9828634.29,RELIANCE.NS
2024-02-14,1446.79,1472.75,1446.79,1470.49,7117888,1443.55,1403.73,1322.41,0.01,0.01,25.96,9586270.86,RELIANCE.NS
2024-02-15,1472.45,1473.82,1455.75,1459.8,10006782,1449.62,1408.5,1327.59,-0.01,0.01,18.07,9723242.0,RELIANCE.NS
2024-02-16,1465.63,1466.15,1447.83,1449.84,9767498,1452.23,1413.41,1332.38,-0.01,0.01,18.31,9790517.71,RELIANCE.NS
2024-02-19,1451.31,1468.63,1442.85,1463.17,6729828,1455.62,1418.67,1337.22,0.01,0.01,25.78,8652688.29,RELIANCE.NS
2024-02-20,1464.19,1464.66,1451.06,1460.22,7117496,1457.08,1423.81,1342.03,-0.0,0.01,13.6,7875645.14,RELIANCE.NS
2024-02-21,1463.17,1477.59,1446.84,1456.92,12720292,1459.25,1430.72,1346.79,-0.0,0.01,30.75,8739339.71,RELIANCE.NS
2024-02-22,1457.36,1474.04,1447.29,1470.86,18493728,1461.61,1437.56,1351.8,0.01,0.01,26.75,10279073.14,RELIANCE.NS
2024-02-23,1478.56,1486.55,1472.45,1482.65,14438584,1463.35,1444.54,1357.39,0.01,0.01,14.1,11324886.86,RELIANCE.NS
2024-02-26,1482.58,1483.54,1471.61,1476.4,7513106,1465.72,1446.49,1362.76,-0.0,0.01,11.94,10968647.43,RELIANCE.NS
2024-02-27,1472.13,1488.93,1467.19,1474.73,10826044,1469.28,1450.36,1367.79,-0.0,0.01,21.74,11119868.29,RELIANCE.NS
2024-02-28,1472.1,1480.32,1439.52,1444.93,8647950,1466.67,1451.8,1371.92,-0.02,0.01,40.8,11393885.71,RELIANCE.NS
2024-02-29,1454.24,1468.11,1443.84,1450.07,23628976,1465.22,1453.49,1375.89,0.0,0.01,24.27,13752668.57,RELIANCE.NS
2024-03-01,1452.75,1488.98,1451.75,1481.16,12132926,1468.69,1455.2,1380.12,0.02,0.01,37.22,13668759.14,RELIANCE.NS
2024-03-04,1479.52,1501.34,1476.3,1496.33,10024420,1472.32,1458.6,1384.96,0.01,0.01,25.04,12458858.0,RELIANCE.NS
2024-03-05,1494.71,1496.33,1475.13,1489.18,7107668,1473.26,1462.19,1389.31,-0.0,0.01,21.19,11411584.29,RELIANCE.NS
2024-03-06,1482.48,1497.91,1467.64,1491.96,7805676,1475.48,1465.21,1393.69,0.0,0.01,30.28,11453380.0,RELIANCE.NS
2024-03-07,1491.93,1492.06,1464.71,1468.06,8315726,1474.53,1466.64,1397.46,-0.02,0.01,27.35,11094763.14,RELIANCE.NS
2024-03-11,1478.06,1478.06,1452.75,1455.82,11277130,1476.08,1466.93,1400.89,-0.01,0.01,25.31,11470360.29,RELIANCE.NS
2024-03-12,1455.82,1477.07,1454.26,1464.58,9432678,1478.16,1468.08,1404.32,0.01,0.01,22.81,9442317.71,RELIANCE.NS
2024-03-13,1468.9,1472.2,1417.29,1421.65,13522134,1469.65,1466.44,1407.1,-0.03,0.01,54.92,9640776.0,RELIANCE.NS
2024-03-14,1429.12,1437.88,1415.03,1420.96,18571102,1458.89,1463.96,1409.8,-0.0,0.01,22.86,10861730.57,RELIANCE.NS
2024-03-15,1415.47,1422.69,1402.52,1407.81,19223818,1447.26,1461.37,1412.03,-0.01,0.01,20.18,12592609.14,RELIANCE.NS
2024-03-18,1409.57,1431.13,1406.12,1428.9,9169392,1438.25,1460.32,1414.97,0.01,0.01,25.01,12787425.71,RELIANCE.NS
2024-03-19,1418.25,1427.04,1406.84,1414.78,8275764,1430.64,1457.9,1417.49,-0.01,0.01,20.2,12781716.86,RELIANCE.NS
2024-03-20,1417.46,1434.38,1413.56,1433.14,8488806,1427.4,1456.54,1420.27,0.01,0.02,20.82,12383384.86,RELIANCE.NS
2024-03-21,1441.85,1447.19,1434.06,1440.31,13006936,1423.94,1455.71,1423.39,0.01,0.02,13.13,12893993.14,RELIANCE.NS
2024-03-22,1439.32,1449.27,1436.72,1444.33,19527608,1427.18,1454.39,1426.66,0.0,0.01,12.56,13751918.0,RELIANCE.NS
2024-03-26,1434.38,1441.73,1428.43,1430.98,11415906,1428.61,1451.8,1428.97,-0.01,0.01,13.3,12729747.14,RELIANCE.NS
2024-03-27,1437.36,1488.98,1436.37,1481.88,16326644,1439.19,1452.08,1431.61,0.04,0.02,52.61,12315865.14,RELIANCE.NS
2024-03-28,1481.91,1494.89,1467.79,1474.93,21854364,1445.77,1452.09,1433.9,-0.0,0.02,27.1,14128004.0,RELIANCE.NS
2024-04-01,1481.51,1483.0,1471.61,1473.87,5013880,1454.21,1453.54,1435.7,-0.0,0.01,11.39,13662020.57,RELIANCE.NS
2024-04-02,1473.1,1483.02,1464.16,1476.03,8910166,1460.33,1454.83,1437.93,0.0,0.01,18.86,13722214.86,RELIANCE.NS
2024-04-03,1471.19,1473.54,1458.11,1460.79,7008292,1463.26,1453.81,1440.11,-0.01,0.02,15.44,12865265.71,RELIANCE.NS
2024-04-04,1468.88,1468.88,1439.35,1452.18,14490272,1464.38,1451.61,1442.0,-0.01,0.02,29.53,12145646.29,RELIANCE.NS
2024-04-05,1450.14,1459.99,1445.3,1449.37,7442298,1467.01,1449.62,1443.84,-0.0,0.02,14.69,11577988.0,RELIANCE.NS
2024-04-08,1452.23,1480.02,1450.27,1475.06,8357118,1466.03,1448.77,1446.96,0.02,0.01,29.75,10439484.29,RELIANCE.NS
2024-04-09,1478.06,1478.85,1451.75,1452.9,7071414,1462.88,1448.01,1449.34,-0.02,0.01,27.1,8327634.29,RELIANCE.NS
2024-04-10,1455.58,1476.07,1455.58,1468.7,9138330,1462.15,1448.66,1451.85,0.01,0.01,20.5,8916841.43,RELIANCE.NS
2024-04-12,1465.03,1475.55,1452.33,1456.37,15551012,1459.34,1448.25,1452.23,-0.01,0.01,23.23,9865533.71,RELIANCE.NS
2024-04-15,1450.27,1471.24,1435.7,1454.06,12902062,1458.38,1449.87,1453.37,-0.0,0.01,35.54,10707500.86,RELIANCE.NS
2024-04-16,1442.67,1460.37,1440.26,1454.98,9366184,1458.78,1451.57,1454.14,0.0,0.01,20.1,9975488.29,RELIANCE.NS
2024-04-18,1452.75,1475.08,1448.63,1453.57,19005692,1459.38,1453.86,1454.89,-0.0,0.01,26.45,11627401.71,RELIANCE.NS
2024-04-19,1446.07,1463.17,1432.42,1459.32,15741778,1457.13,1455.38,1455.14,0.0,0.01,30.75,12682353.14,RELIANCE.NS
2024-04-22,1461.63,1471.93,1457.02,1468.98,10350362,1459.43,1458.09,1455.95,0.01,0.01,14.91,13150774.29,RELIANCE.NS
2024-04-23,1468.13,1482.53,1444.86,1448.6,14605554,1456.56,1458.86,1456.57,-0.01,0.01,37.67,13931806.29,RELIANCE.NS
2024-04-24,1452.75,1457.76,1438.85,1439.52,10462776,1454.15,1458.82,1456.73,-0.01,0.01,18.91,13204915.43,RELIANCE.NS
2024-04-25,1431.9,1457.19,1430.91,1449.25,15943926,1453.46,1459.07,1456.93,0.01,0.01,26.28,13639467.43,RELIANCE.NS
2024-04-26,1453.19,1454.24,1439.35,1441.88,9413848,1451.59,1459.61,1456.77,-0.01,0.01,14.89,13646276.57,RELIANCE.NS
2024-04-29,1439.35,1457.12,1439.35,1454.26,7247974,1451.69,1458.23,1457.02,0.01,0.01,17.77,11966602.57,RELIANCE.NS
2024-04-30,1457.21,1472.18,1452.13,1456.22,11474262,1451.24,1457.3,1457.06,0.0,0.01,20.05,11356957.43,RELIANCE.NS
2024-05-02,1461.19,1466.47,1453.37,1455.78,14512646,1449.36,1456.39,1456.76,-0.0,0.01,13.1,11951569.43,RELIANCE.NS
2024-05-03,1460.19,1464.11,1405.75,1423.46,17226958,1445.77,1453.76,1456.03,-0.02,0.01,58.37,12326055.71,RELIANCE.NS
2024-05-06,1424.95,1429.42,1407.58,1409.1,7394208,1441.42,1451.18,1455.22,-0.01,0.01,21.84,11887688.86,RELIANCE.NS
2024-05-07,1405.57,1410.31,1381.77,1391.18,14517472,1433.12,1448.13,1453.78,-0.01,0.01,28.54,11683909.71,RELIANCE.NS
2024-05-08,1387.23,1422.42,1387.23,1408.13,9439002,1428.3,1446.07,1452.74,0.01,0.01,35.19,11687503.14,RELIANCE.NS
2024-05-09,1402.62,1413.29,1379.79,1383.88,11009612,1418.25,1441.51,1451.28,-0.02,0.01,33.5,12224880.0,RELIANCE.NS
2024-05-10,1386.49,1399.64,1377.88,1397.08,10505096,1409.8,1438.72,1449.8,0.01,0.01,21.76,12086427.71,RELIANCE.NS
2024-05-13,1389.61,1396.64,1373.83,1392.39,8456620,1400.75,1434.9,1448.0,-0.0,0.01,22.81,11221281.14,RELIANCE.NS
2024-05-14,1390.68,1416.59,1389.74,1409.64,7188300,1398.77,1432.56,1446.66,0.01,0.01,26.85,9787187.14,RELIANCE.NS
2024-05-15,1410.06,1419.47,1402.64,1405.87,5046534,1398.31,1430.15,1445.28,-0.0,0.01,16.83,9451805.14,RELIANCE.NS
2024-05-16,1408.13,1417.01,1387.75,1414.88,14711774,1401.7,1428.15,1444.68,0.01,0.01,29.26,9479562.57,RELIANCE.NS
2024-05-17,1412.59,1426.64,1402.87,1425.15,10916476,1404.13,1426.73,1444.18,0.01,0.01,23.77,9690630.29,RELIANCE.NS
2024-05-21,1415.13,1431.23,1415.13,1425.57,11176128,1410.08,1425.04,1443.07,0.0,0.01,16.11,9714418.29,RELIANCE.NS
2024-05-22,1425.72,1457.98,1425.72,1449.92,10281604,1417.63,1424.09,1442.14,0.02,0.01,32.26,9682490.86,RELIANCE.NS
2024-05-23,1447.83,1481.26,1444.31,1475.13,14608260,1429.45,1425.41,1441.86,0.02,0.01,36.95,10561296.57,RELIANCE.NS
2024-05-24,1472.72,1477.56,1465.25,1469.37,7094776,1437.99,1426.91,1441.41,-0.0,0.01,12.31,10547936.0,RELIANCE.NS
2024-05-27,1469.35,1473.99,1450.81,1455.48,6629010,1445.07,1427.22,1441.16,-0.01,0.01,23.18,10774004.0,RELIANCE.NS
2024-05-28,1457.21,1467.64,1442.08,1445.5,7820162,1449.45,1427.4,1440.95,-0.01,0.01,25.56,9789488.0,RELIANCE.NS
2024-05-29,1435.87,1447.29,1427.88,1430.19,7383556,1450.17,1426.2,1440.27,-0.01,0.01,19.41,9284785.14,RELIANCE.NS
2024-05-30,1424.95,1429.82,1409.67,1414.38,13206858,1448.57,1424.1,1440.12,-0.01,0.01,20.15,9574889.43,RELIANCE.NS
2024-05-31,1420.78,1431.65,1411.8,1419.89,31069832,1444.28,1422.31,1440.1,0.0,0.01,19.85,12544636.29,RELIANCE.NS
2024-06-03,1472.1,1503.37,1448.28,1499.23,21527942,1447.72,1426.1,1441.93,0.06,0.02,55.09,13533162.29,RELIANCE.NS
2024-06-04,1487.04,1487.04,1349.31,1387.01,36709098,1435.95,1424.99,1441.09,-0.07,0.04,137.73,17763779.71,RELIANCE.NS
2024-06-05,1411.55,1420.64,1373.93,1410.31,17464890,1429.5,1425.95,1441.0,0.02,0.04,46.7,19311762.57,RELIANCE.NS
2024-06-06,1424.46,1433.09,1410.91,1421.08,17855722,1426.01,1426.6,1440.76,0.01,0.04,22.19,20745414.0,RELIANCE.NS
2024-06-07,1418.0,1461.19,1416.02,1459.15,18558696,1430.15,1430.36,1441.14,0.03,0.04,45.17,22341862.57,RELIANCE.NS
2024-06-10,1459.15,1482.38,1457.29,1460.59,9251760,1436.75,1433.54,1441.46,0.0,0.04,25.09,21776848.57,RELIANCE.NS
2024-06-11,1458.21,1462.85,1443.99,1445.97,11774902,1440.48,1436.22,1441.76,-0.01,0.04,18.86,19020430.0,RELIANCE.NS
2024-06-12,1446.79,1465.16,1444.48,1452.57,10081742,1433.81,1438.36,1441.17,0.0,0.03,20.67,17385258.57,RELIANCE.NS
2024-06-13,1461.19,1461.43,1449.37,1454.48,9181160,1443.45,1440.79,1440.77,0.0,0.01,12.06,13452696.0,RELIANCE.NS
2024-06-14,1459.2,1468.8,1446.52,1466.69,8157998,1451.51,1443.38,1440.62,0.01,0.01,22.29,12123140.0,RELIANCE.NS
2024-06-18,1476.42,1476.47,1460.54,1470.14,7196766,1458.52,1445.63,1440.5,0.0,0.01,15.93,10600432.0,RELIANCE.NS
2024-06-19,1476.57,1476.57,1445.3,1447.93,8725874,1456.91,1446.75,1440.25,-0.02,0.01,31.27,9195743.14,RELIANCE.NS
2024-06-20,1448.28,1471.96,1439.45,1462.87,16113776,1457.24,1447.4,1440.46,0.01,0.01,32.51,10176031.14,RELIANCE.NS
2024-06-21,1462.8,1463.87,1429.99,1443.52,31170360,1456.89,1445.82,1440.34,-0.01,0.01,33.87,12946810.86,RELIANCE.NS
2024-06-24,1434.9,1438.85,1426.94,1430.88,8878386,1453.79,1443.89,1439.46,-0.01,0.01,11.91,12774902.86,RELIANCE.NS
2024-06-25,1432.4,1445.23,1430.41,1443.47,7045386,1452.22,1443.29,1439.27,0.01,0.01,14.82,12469792.29,RELIANCE.NS
2024-06-26,1435.43,1507.81,1434.51,1502.9,22014882,1457.39,1446.16,1439.96,0.04,0.02,73.31,14449347.14,RELIANCE.NS
2024-06-27,1502.63,1526.2,1494.94,1519.31,28383030,1464.41,1450.62,1441.21,0.01,0.02,31.27,17475956.29,RELIANCE.NS
2024-06-28,1519.78,1569.38,1519.78,1553.9,28957336,1479.55,1457.6,1443.21,0.02,0.02,49.61,20366165.14,RELIANCE.NS
2024-07-01,1551.05,1567.8,1544.25,1548.69,7724306,1491.81,1464.04,1445.09,-0.0,0.02,23.55,19167669.43,RELIANCE.NS
2024-07-02,1557.97,1561.94,1545.56,1553.68,7749246,1507.55,1466.76,1447.09,0.0,0.02,16.38,15821796.0,RELIANCE.NS
2024-07-03,1554.82,1563.43,1531.44,1541.02,9049620,1523.28,1474.46,1448.72,-0.01,0.02,31.99,15846258.0,RELIANCE.NS
2024-07-04,1545.56,1555.98,1539.41,1542.61,6837176,1537.44,1481.07,1450.19,0.0,0.02,16.58,15816513.71,RELIANCE.NS
2024-07-05,1542.41,1586.76,1536.63,1576.95,12269710,1548.02,1488.87,1452.76,0.02,0.01,50.13,14424346.29,RELIANCE.NS
2024-07-08,1577.33,1596.98,1570.9,1589.14,9500806,1558.0,1495.37,1455.75,0.01,0.01,26.08,11726885.71,RELIANCE.NS
2024-07-09,1585.86,1588.74,1568.89,1578.59,6960002,1561.52,1501.27,1458.34,-0.01,0.01,19.85,8584409.43,RELIANCE.NS
2024-07-10,1583.28,1585.76,1551.67,1572.59,7134578,1564.94,1507.6,1460.95,-0.0,0.01,34.1,8500162.57,RELIANCE.NS
2024-07-11,1575.84,1592.46,1558.96,1569.04,11940946,1567.13,1513.42,1463.25,-0.0,0.01,33.5,9098976.86,RELIANCE.NS
2024-07-12,1572.86,1593.36,1562.93,1584.99,12924784,1573.42,1519.95,1465.83,0.01,0.01,30.42,9652571.71,RELIANCE.NS
2024-07-15,1592.66,1594.05,1573.85,1585.49,5329688,1579.54,1525.89,1468.42,0.0,0.01,20.2,9437216.29,RELIANCE.NS
2024-07-16,1581.79,1588.24,1557.6,1564.67,9386838,1577.79,1530.61,1471.24,-0.01,0.01,30.65,9025377.43,RELIANCE.NS
2024-07-18,1564.42,1582.19,1546.38,1575.02,12298374,1575.77,1536.97,1474.56,0.01,0.01,35.81,9425030.0,RELIANCE.NS
2024-07-19,1574.35,1578.29,1541.39,1543.72,13140390,1570.79,1541.01,1477.61,-0.02,0.01,36.9,10307942.57,RELIANCE.NS
2024-07-22,1525.96,1526.2,1488.26,1489.65,19674376,1558.94,1543.31,1479.24,-0.04,0.02,37.94,12099342.29,RELIANCE.NS
2024-07-23,1489.97,1494.69,1452.25,1476.97,18052044,1545.79,1545.62,1481.11,-0.01,0.02,42.44,12972356.29,RELIANCE.NS
2024-07-24,1474.09,1498.41,1465.55,1484.71,11913362,1531.46,1547.68,1482.86,0.01,0.01,32.86,12827867.43,RELIANCE.NS
2024-07-25,1470.12,1489.45,1466.22,1481.44,12519876,1516.6,1546.61,1484.64,-0.0,0.01,23.23,13855037.14,RELIANCE.NS
2024-07-26,1481.44,1501.31,1479.4,1497.94,9859940,1507.06,1545.54,1486.4,0.01,0.02,21.91,13922623.14,RELIANCE.NS
2024-07-29,1500.84,1516.28,1500.67,1508.93,7538550,1497.62,1543.29,1488.47,0.01,0.02,15.61,13242648.29,RELIANCE.NS
2024-07-30,1505.88,1513.8,1498.91,1502.03,8228208,1491.67,1540.96,1490.21,-0.0,0.02,14.89,12540908.0,RELIANCE.NS
2024-07-31,1492.95,1499.35,1490.12,1494.36,10057346,1492.34,1537.99,1491.59,-0.01,0.01,9.23,11167046.57,RELIANCE.NS
2024-08-01,1500.89,1506.85,1493.25,1504.17,10764222,1496.23,1536.15,1493.17,0.01,0.01,13.6,10125929.14,RELIANCE.NS
2024-08-02,1493.94,1498.24,1482.3,1488.31,10268248,1496.74,1533.44,1493.93,-0.01,0.01,15.93,9890912.86,RELIANCE.NS
2024-08-05,1469.13,1473.0,1422.72,1436.69,17046704,1490.35,1526.42,1493.16,-0.03,0.02,50.28,10537602.57,RELIANCE.NS
2024-08-06,1444.46,1466.64,1440.66,1445.35,10236186,1482.84,1519.23,1492.68,0.01,0.01,25.98,10591352.0,RELIANCE.NS
2024-08-07,1458.21,1461.68,1450.76,1454.06,8174568,1475.0,1513.01,1492.66,0.01,0.01,10.92,10682211.71,RELIANCE.NS
2024-08-08,1446.82,1454.24,1435.3,1438.48,12387192,1465.92,1506.3,1492.52,-0.01,0.01,18.93,11276352.29,RELIANCE.NS
2024-08-09,1449.27,1465.65,1445.3,1463.47,6249776,1461.5,1501.02,1493.18,0.02,0.02,20.35,10732413.71,RELIANCE.NS
2024-08-12,1459.2,1462.18,1447.04,1449.89,8184584,1453.75,1494.27,1493.89,-0.01,0.02,15.14,10363894.0,RELIANCE.NS
2024-08-13,1450.02,1459.27,1447.29,1452.87,6265064,1448.69,1487.64,1494.55,0.0,0.02,11.99,9792010.57,RELIANCE.NS
2024-08-14,1452.8,1461.19,1443.02,1451.11,6267466,1450.75,1481.96,1493.59,-0.0,0.01,18.17,8252119.43,RELIANCE.NS
2024-08-16,1457.86,1469.52,1447.34,1467.34,9416902,1453.89,1476.57,1495.19,0.01,0.01,22.19,8135078.86,RELIANCE.NS
2024-08-19,1476.6,1492.34,1474.61,1482.48,13797742,1457.95,1473.51,1496.64,0.01,0.01,17.73,8938389.43,RELIANCE.NS
2024-08-20,1491.27,1497.94,1484.1,1490.0,8411808,1465.31,1473.53,1498.02,0.01,0.01,13.84,8370477.43,RELIANCE.NS
2024-08-21,1487.31,1501.88,1484.07,1492.71,7769996,1469.49,1474.32,1498.69,0.0,0.01,17.8,8587651.71,RELIANCE.NS
2024-08-22,1497.02,1500.51,1484.72,1492.17,10445782,1475.53,1474.69,1499.32,-0.0,0.0,15.79,8910680.0,RELIANCE.NS
2024-08-23,1497.77,1505.31,1492.46,1494.01,9249654,1481.4,1475.32,1500.28,0.0,0.01,12.85,9337050.0,RELIANCE.NS
2024-08-26,1500.98,1516.94,1497.02,1506.58,8816114,1489.33,1475.75,1501.36,0.01,0.0,19.92,9701142.57,RELIANCE.NS
2024-08-27,1504.49,1507.45,1493.49,1494.48,6251156,1493.2,1475.03,1502.16,-0.01,0.01,13.97,9248893.14,RELIANCE.NS
2024-08-28,1499.01,1501.48,1487.06,1492.34,9610286,1494.61,1474.54,1502.67,-0.0,0.01,14.42,8650685.14,RELIANCE.NS
2024-08-29,1497.12,1530.89,1488.06,1514.87,38335358,1498.17,1475.57,1503.57,0.02,0.01,42.83,12925478.0,RELIANCE.NS
2024-08-30,1527.9,1533.6,1497.34,1503.62,41620730,1499.72,1475.54,1504.68,-0.01,0.01,36.26,17761297.14,RELIANCE.NS
2024-09-02,1504.86,1520.73,1500.63,1510.22,11240852,1502.3,1476.64,1505.63,0.0,0.01,20.09,17874878.57,RELIANCE.NS
2024-09-03,1515.2,1516.94,1501.5,1503.12,10923800,1503.61,1479.96,1506.82,-0.0,0.01,15.44,18114042.29,RELIANCE.NS
2024-09-04,1494.73,1511.46,1493.53,1508.53,11983304,1503.88,1483.12,1508.37,0.0,0.01,17.93,18566498.0,RELIANCE.NS
2024-09-05,1513.01,1519.71,1481.13,1487.04,16264168,1502.82,1484.77,1509.24,-0.01,0.01,38.57,19996928.29,RELIANCE.NS
2024-09-06,1486.56,1491.04,1455.81,1459.0,19394228,1498.06,1485.79,1508.37,-0.02,0.01,35.23,21394634.29,RELIANCE.NS
2024-09-09,1460.67,1464.08,1449.81,1456.63,9010298,1489.74,1485.45,1507.11,-0.0,0.01,14.27,17205340.0,RELIANCE.NS
2024-09-10,1454.69,1466.19,1451.78,1455.71,10768260,1482.89,1485.74,1505.15,-0.0,0.01,14.42,12797844.29,RELIANCE.NS
2024-09-11,1457.23,1462.91,1441.79,1445.73,9760202,1473.68,1485.38,1503.09,-0.01,0.01,21.12,12586322.86,RELIANCE.NS
2024-09-12,1451.2,1480.09,1440.12,1473.91,22349376,1469.51,1486.52,1501.49,0.02,0.01,39.97,14218548.0,RELIANCE.NS
2024-09-13,1470.53,1477.25,1463.65,1466.77,8711328,1463.54,1486.5,1500.01,-0.0,0.01,13.6,13751122.86,RELIANCE.NS
2024-09-16,1471.67,1475.01,1458.92,1465.5,5481774,1460.46,1485.65,1498.47,-0.0,0.01,16.09,12210780.86,RELIANCE.NS
2024-09-17,1468.14,1471.6,1460.79,1466.44,5935328,1461.53,1484.47,1496.26,0.0,0.01,10.81,10288080.86,RELIANCE.NS
2024-09-18,1464.15,1476.1,1454.74,1457.63,8574714,1461.67,1482.71,1493.63,-0.01,0.01,21.36,10225854.57,RELIANCE.NS
2024-09-19,1460.42,1470.63,1449.76,1463.83,16955902,1462.83,1481.3,1491.33,0.0,0.01,20.87,11109803.43,RELIANCE.NS
2024-09-20,1468.14,1489.05,1465.52,1480.01,30897320,1467.73,1480.6,1489.48,0.01,0.01,23.53,14129391.71,RELIANCE.NS
2024-09-23,1485.07,1495.53,1483.03,1487.43,8832314,1469.66,1479.64,1487.85,0.01,0.01,12.5,12198382.86,RELIANCE.NS
2024-09-24,1482.58,1494.53,1481.96,1483.45,17137444,1472.04,1479.09,1485.82,-0.0,0.01,12.57,13402113.71,RELIANCE.NS
2024-09-25,1478.0,1490.55,1474.31,1488.01,7069002,1475.26,1478.87,1483.87,0.0,0.01,16.24,13628860.57,RELIANCE.NS
2024-09-26,1484.72,1498.02,1482.13,1491.99,18818998,1478.91,1477.73,1482.41,0.0,0.01,15.89,15469384.86,RELIANCE.NS
2024-09-27,1493.04,1527.37,1486.06,1520.1,20597478,1487.83,1478.55,1481.32,0.02,0.01,41.31,17186922.57,RELIANCE.NS
2024-09-30,1513.36,1518.91,1468.53,1470.7,27008814,1488.81,1476.58,1479.86,-0.03,0.02,50.37,18623052.86,RELIANCE.NS
2024-10-01,1474.76,1482.03,1457.01,1459.0,16431642,1485.81,1474.37,1479.24,-0.01,0.02,25.03,16556527.43,RELIANCE.NS
2024-10-03,1430.86,1443.63,1396.5,1401.38,37757294,1473.52,1469.01,1477.73,-0.04,0.02,47.14,20688667.43,RELIANCE.NS
2024-10-04,1398.34,1411.71,1376.28,1381.01,37072876,1458.88,1463.71,1475.66,-0.01,0.02,35.43,23536586.29,RELIANCE.NS
2024-10-07,1387.96,1390.94,1355.96,1365.27,22181340,1441.35,1459.03,1473.33,-0.01,0.02,34.99,25695491.71,RELIANCE.NS
2024-10-08,1367.51,1395.43,1359.67,1391.79,17020808,1427.04,1455.78,1471.21,0.02,0.02,35.76,25438607.43,RELIANCE.NS
2024-10-09,1391.97,1395.4,1367.04,1369.13,14310610,1405.47,1451.45,1468.41,-0.02,0.02,28.36,24540483.43,RELIANCE.NS
2024-10-10,1374.54,1380.49,1363.98,1365.6,22358646,1390.45,1447.45,1465.69,-0.0,0.02,16.51,23876173.71,RELIANCE.NS
2024-10-11,1364.55,1377.77,1363.38,1366.64,7980122,1377.26,1442.08,1463.13,0.0,0.02,14.39,22668813.71,RELIANCE.NS
2024-10-14,1373.96,1374.58,1362.81,1367.07,12221432,1372.36,1437.1,1460.39,0.0,0.01,11.78,19020833.43,RELIANCE.NS
2024-10-15,1353.12,1366.24,1335.37,1338.68,33762794,1366.31,1430.76,1457.4,-0.02,0.01,30.88,18547964.57,RELIANCE.NS
2024-10-16,1334.67,1358.57,1332.3,1348.69,20034438,1363.94,1424.87,1455.64,0.01,0.01,26.27,18241264.29,RELIANCE.NS
2024-10-17,1360.27,1363.01,1346.67,1351.03,15543660,1358.12,1419.54,1453.75,0.0,0.01,16.33,18030243.14,RELIANCE.NS
2024-10-18,1346.8,1362.98,1335.99,1353.89,12082452,1355.94,1414.04,1451.75,0.0,0.01,26.99,17711934.86,RELIANCE.NS
2024-10-21,1361.69,1368.53,1352.32,1363.75,14067408,1355.68,1408.23,1450.25,0.01,0.01,16.21,16527472.29,RELIANCE.NS
2024-10-22,1363.75,1370.53,1334.89,1338.01,15831960,1351.59,1400.76,1447.74,-0.02,0.01,35.63,17649163.43,RELIANCE.NS
2024-10-23,1332.18,1352.07,1329.69,1333.2,17214742,1346.75,1393.25,1445.41,-0.0,0.01,22.39,18362493.43,RELIANCE.NS
2024-10-24,1329.96,1338.35,1317.86,1334.47,22155934,1346.15,1385.57,1443.04,0.0,0.01,20.49,16704370.57,RELIANCE.NS
2024-10-25,1338.16,1339.0,1316.74,1322.57,18597496,1342.42,1377.1,1440.47,-0.01,0.01,22.26,16499093.14,RELIANCE.NS
2024-10-28,1331.68,1347.62,1316.84,1329.04,10824350,1339.28,1367.55,1437.7,0.0,0.01,30.78,15824906.0,RELIANCE.NS
2024-10-29,1322.82,1337.86,1315.05,1334.67,12008361,1336.53,1360.74,1434.75,0.0,0.01,22.81,15814321.57,RELIANCE.NS
2024-10-30,1329.69,1344.63,1320.08,1338.55,11984423,1332.93,1354.72,1431.72,0.0,0.01,24.55,15516752.29,RELIANCE.NS
2024-10-31,1334.67,1337.66,1320.87,1326.75,9331650,1331.32,1350.99,1428.4,-0.01,0.01,16.78,14588136.57,RELIANCE.NS
2024-11-01,1327.75,1336.61,1327.7,1333.32,2127335,1331.34,1348.61,1425.22,0.0,0.01,8.91,12432792.71,RELIANCE.NS
2024-11-04,1332.53,1334.67,1279.99,1296.97,19796890,1325.98,1345.19,1421.28,-0.03,0.01,54.68,12095786.43,RELIANCE.NS
2024-11-05,1287.86,1304.34,1281.03,1300.11,16267479,1322.77,1340.61,1417.15,0.0,0.01,23.31,11762926.86,RELIANCE.NS
2024-11-06,1304.79,1323.02,1295.03,1320.08,21625209,1321.49,1338.15,1413.66,0.02,0.01,27.99,13305906.71,RELIANCE.NS
2024-11-07,1318.73,1318.73,1297.42,1300.46,9611974,1316.61,1334.9,1409.83,-0.01,0.01,21.31,12963565.71,RELIANCE.NS
2024-11-08,1292.49,1296.47,1269.93,1278.64,19814406,1308.05,1330.5,1405.1,-0.02,0.01,26.54,14082134.71,RELIANCE.NS
2024-11-11,1273.86,1280.88,1261.96,1267.64,9056552,1299.6,1325.53,1400.38,-0.01,0.01,18.92,14042835.0,RELIANCE.NS
2024-11-12,1270.48,1284.17,1262.46,1269.18,10671091,1290.44,1322.05,1395.56,0.0,0.01,21.71,15263371.57,RELIANCE.NS
2024-11-13,1265.2,1270.38,1244.53,1247.07,14633633,1283.31,1316.97,1390.44,-0.02,0.01,25.85,14525763.43,RELIANCE.NS
2024-11-14,1248.61,1267.54,1246.12,1262.56,12612633,1277.95,1312.55,1385.52,0.01,0.01,21.41,14003642.57,RELIANCE.NS
2024-11-18,1262.56,1267.84,1238.95,1255.73,13620611,1268.75,1307.64,1380.9,-0.01,0.01,28.88,12860128.57,RELIANCE.NS
2024-11-19,1255.73,1276.4,1230.24,1236.71,14183746,1259.65,1301.29,1376.45,-0.02,0.01,46.17,13513238.86,RELIANCE.NS
2024-11-21,1236.71,1239.0,1212.41,1218.13,19433843,1251.0,1295.29,1371.68,-0.02,0.01,26.59,13458872.71,RELIANCE.NS
2024-11-22,1224.51,1263.8,1217.59,1260.37,20471957,1249.96,1291.65,1367.77,0.03,0.02,46.22,15089644.86,RELIANCE.NS
2024-11-25,1284.87,1299.26,1277.35,1281.88,28923341,1251.78,1289.02,1364.5,0.02,0.02,21.91,17697109.14,RELIANCE.NS
2024-11-26,1289.8,1292.69,1279.09,1290.55,9247557,1257.99,1287.42,1360.83,0.01,0.02,13.6,16927669.71,RELIANCE.NS
2024-11-27,1288.35,1298.66,1280.88,1288.06,9572746,1261.63,1285.37,1357.25,-0.0,0.02,17.78,16493400.14,RELIANCE.NS
2024-11-28,1284.82,1291.44,1264.0,1265.74,15027412,1263.06,1281.93,1353.26,-0.02,0.02,27.44,16694371.71,RELIANCE.NS
2024-11-29,1274.91,1294.33,1270.18,1287.06,13202307,1270.26,1279.35,1349.67,0.02,0.02,24.15,16554166.14,RELIANCE.NS
2024-12-02,1282.88,1306.13,1271.97,1303.94,11024152,1282.51,1278.21,1346.6,0.01,0.02,34.16,15352781.71,RELIANCE.NS
2024-12-03,1311.76,1321.52,1301.8,1318.04,16869482,1290.75,1277.45,1343.68,0.01,0.01,19.72,14838142.43,RELIANCE.NS
2024-12-04,1320.73,1323.12,1298.86,1303.74,19608540,1293.88,1277.78,1340.16,-0.01,0.01,24.25,13507456.57,RELIANCE.NS
2024-12-05,1309.12,1324.66,1300.95,1316.79,16858723,1297.62,1278.62,1336.74,0.01,0.01,23.71,14594766.0,RELIANCE.NS
2024-12-06,1318.63,1318.63,1304.79,1306.33,9037514,1300.24,1277.93,1333.2,-0.01,0.01,13.84,14518304.29,RELIANCE.NS
2024-12-09,1297.82,1309.77,1287.96,1290.0,14650002,1303.7,1277.41,1329.24,-0.01,0.01,21.81,14464388.57,RELIANCE.NS
2024-12-10,1284.12,1289.75,1275.11,1279.74,16043729,1302.65,1277.46,1325.0,-0.01,0.01,14.64,14870306.0,RELIANCE.NS
2024-12-11,1279.89,1284.87,1270.97,1273.12,11724373,1298.25,1277.74,1320.06,-0.01,0.01,13.89,14970337.57,RELIANCE.NS
2024-12-12,1264.95,1273.12,1255.59,1257.88,20906813,1289.66,1277.17,1315.8,-0.01,0.01,17.53,15547099.14,RELIANCE.NS
2024-12-13,1254.99,1270.13,1234.67,1267.79,28630222,1284.52,1278.21,1311.98,0.01,0.01,35.46,16835910.86,RELIANCE.NS
2024-12-16,1269.93,1275.9,1261.51,1263.25,9486781,1276.87,1278.24,1309.21,-0.0,0.01,14.39,15782776.29,RELIANCE.NS
2024-12-17,1256.03,1258.87,1237.86,1240.35,17462791,1267.45,1277.47,1306.4,-0.02,0.01,21.02,16986387.29,RELIANCE.NS
2024-12-18,1235.71,1254.94,1235.71,1248.26,12670179,1261.48,1278.05,1304.06,0.01,0.01,19.22,16703555.43,RELIANCE.NS
2024-12-19,1234.07,1239.95,1224.11,1225.56,14244653,1253.74,1278.42,1300.74,-0.02,0.01,15.84,16446544.57,RELIANCE.NS
2024-12-20,1219.13,1234.57,1196.72,1200.51,20312896,1243.37,1275.43,1297.36,-0.02,0.01,37.85,17673476.43,RELIANCE.NS
2024-12-23,1210.17,1222.32,1208.37,1217.44,10052824,1237.59,1272.21,1294.4,0.01,0.01,13.94,16122906.57,RELIANCE.NS
2024-12-24,1217.44,1228.64,1216.14,1217.89,6734917,1230.46,1268.57,1291.42,0.0,0.01,12.5,12995005.86,RELIANCE.NS
2024-12-26,1219.38,1222.82,1209.42,1211.71,10016178,1223.1,1264.76,1288.32,-0.01,0.01,13.4,13070634.0,RELIANCE.NS
2024-12-27,1213.45,1223.02,1212.16,1216.19,7000397,1219.65,1262.28,1285.87,0.0,0.01,10.86,11576006.29,RELIANCE.NS
